Chainage,Mandatory,Cautionary,Informatory
313+507,0,0,1
,0,1,0
313+517,0,0,0
313+537,0,0,0
313+547,0,0,0
313+567,0,0,0
313+577,0,0,0
313+597,0,0,0
313+607,0,0,1
313+627,0,0,0
313+637,0,0,0
313+657,0,0,0
313+667,0,0,0
313+687,0,0,0
313+697,0,0,0
313+707,0,1,0
313+727,0,0,0
313+737,0,0,0
313+747,0,0,0
313+767,0,0,0
313+777,0,0,1
313+797,0,0,1
313+807,0,0,2
313+817,0,1,0
313+837,0,0,0
313+847,0,0,0
313+867,0,0,0
313+877,0,0,0
313+897,0,0,0
313+907,0,0,0
313+927,0,0,0
313+937,0,0,0
313+947,0,0,1
,0,0,0
313+957,0,0,0
,0,0,0
,0,0,0
,0,0,0
313+967,0,0,0
,0,1,0
,0,0,0
,0,0,0
313+977,0,2,0
,0,0,1
,0,1,0
313+987,0,0,0
,0,0,0
,0,0,0
313+997,0,0,0
,0,0,0
,0,0,0
314+007,0,0,0
314+017,0,0,0
,0,0,1
314+027,0,1,0
,0,0,0
314+037,0,0,1
314+047,0,1,0
314+057,0,0,0
314+067,0,0,0
,0,0,0
314+077,0,2,0
314+087,0,1,0
314+097,0,1,0
314+107,0,1,0
314+117,0,0,0
314+127,1,1,0
314+147,0,0,0
314+157,0,1,0
314+167,0,1,0
314+177,0,0,1
314+187,0,0,0
314+197,0,1,0
314+207,0,0,0
314+227,0,1,0
314+237,0,0,0
314+247,0,0,0
314+257,0,0,0
314+267,0,1,0
314+277,0,1,0
314+297,0,0,0
314+307,0,2,0
314+317,0,0,0
314+327,0,1,0
314+337,0,0,0
314+357,0,1,0
,0,0,0
314+367,0,1,0
314+387,0,0,0
314+397,0,0,0
314+407,0,1,0
314+417,0,0,0
314+427,0,1,1
314+437,0,1,0
314+447,0,0,0
314+457,0,0,0
314+467,0,0,0
314+477,0,0,0
314+487,0,0,0
314+497,0,0,0
314+507,0,0,0
314+517,0,0,0
314+537,0,0,1
314+547,0,0,0
314+557,0,0,0
314+567,0,0,0
314+577,0,1,0
314+587,0,0,0
314+597,0,0,0
314+607,0,0,0
314+617,0,0,0
314+637,0,0,0
314+647,0,0,1
314+657,0,0,0
314+667,0,0,0
314+677,0,0,0
314+687,0,0,0
314+707,0,0,0
314+717,0,0,0
314+727,0,0,0
314+737,0,0,0
314+747,0,0,0
314+767,0,0,0
314+777,0,0,0
314+787,0,0,0
314+797,1,0,0
314+807,0,0,0
314+827,0,0,0
314+837,0,0,0
314+847,1,0,0
314+857,0,0,0
314+877,0,0,0
314+887,0,0,1
314+897,0,0,0
314+907,0,0,0
314+917,0,0,0
314+937,0,0,0
314+947,0,0,0
314+957,0,0,0
314+967,0,0,0
314+987,0,0,0
314+997,0,0,0
315+007,0,0,0
315+027,0,0,0
315+037,0,0,0
315+047,0,0,0
315+067,0,0,0
315+077,0,0,0
315+087,0,0,0
315+107,0,0,0
315+117,0,1,0
315+137,0,0,0
315+147,0,0,0
315+167,0,0,0
315+177,0,0,0
315+187,0,0,0
315+207,0,0,0
315+217,0,0,1
315+237,0,0,0
315+247,0,0,0
315+267,0,0,0
315+277,0,0,0
315+297,0,0,0
315+317,0,0,0
315+327,0,0,0
315+347,0,0,0
315+357,0,0,0
315+377,0,0,0
315+387,0,0,0
315+407,0,0,0
315+417,0,0,0
315+437,0,0,0
315+447,0,0,0
315+467,0,0,0
315+477,0,0,0
315+497,0,0,0
315+517,0,0,0
315+527,0,0,0
315+547,0,0,0
315+557,0,0,1
315+577,0,0,0
315+587,0,0,1
315+607,0,0,0
315+627,0,0,0
315+637,0,0,0
315+657,0,1,0
315+667,0,0,0
315+687,0,0,0
315+707,0,0,0
315+717,0,0,0
315+737,0,0,0
315+757,0,0,0
315+767,0,0,0
315+787,0,0,0
315+797,0,0,0
315+817,0,0,0
315+827,0,0,0
315+847,0,0,0
315+857,0,0,0
315+877,0,0,0
315+887,0,0,0
315+907,0,0,0
315+917,0,0,0
315+937,0,0,0
315+947,0,0,0
315+967,0,0,0
315+977,0,0,0
315+997,0,0,0
316+007,0,0,0
316+017,0,0,0
316+037,0,0,0
316+047,0,0,0
316+067,0,0,0
316+077,0,0,0
316+097,0,0,0
316+107,0,0,0
316+127,0,0,0
316+137,0,0,0
316+157,0,0,0
316+167,0,0,0
316+187,0,0,0
316+197,0,0,0
316+217,0,0,0
316+237,0,0,0
316+247,0,0,0
316+267,0,0,0
316+287,0,0,0
316+297,0,0,0
316+317,0,0,0
316+327,0,0,0
316+347,0,0,0
316+367,0,0,0
316+377,0,0,0
316+397,0,0,0
316+407,0,0,0
316+427,0,0,0
316+447,0,0,0
316+457,0,0,0
316+477,0,0,0
316+487,0,0,0
316+507,0,0,0
316+517,0,0,0
316+537,0,0,0
316+557,0,0,0
316+567,0,0,0
316+587,0,0,0
316+597,0,0,0
316+617,0,0,0
316+637,0,0,0
316+647,0,0,0
316+667,0,0,0
316+687,0,0,0
316+697,0,0,0
316+717,0,0,0
316+727,0,0,0
316+747,0,0,0
316+757,0,0,0
316+777,0,0,0
316+797,0,0,0
316+807,0,0,0
316+827,0,0,0
316+837,0,0,0
316+857,0,0,1
316+877,0,0,0
316+887,0,0,0
316+907,0,0,0
316+917,0,0,0
316+937,0,0,0
316+947,0,0,0
316+967,0,0,0
316+977,0,0,0
316+997,0,0,0
317+017,0,1,0
317+027,0,0,0
317+047,0,0,0
317+057,0,0,0
317+077,0,0,0
317+097,0,0,0
317+107,0,0,0
317+127,0,0,0
317+147,0,0,0
317+157,0,1,0
317+177,0,0,0
317+197,0,1,0
317+207,0,0,0
317+227,0,0,0
317+247,0,0,0
317+267,0,1,0
317+277,0,0,0
317+297,0,0,0
317+317,0,0,0
317+327,0,0,0
317+347,0,1,0
317+367,0,0,0
317+387,0,0,0
317+407,0,0,0
317+427,0,0,0
317+437,0,0,0
317+457,0,0,0
317+477,0,0,0
317+497,0,0,0
317+517,0,0,0
317+537,0,0,0
317+557,0,0,0
317+577,0,0,0
317+587,0,0,0
317+607,0,0,0
317+627,0,0,0
317+647,0,0,0
317+667,0,0,0
317+687,0,0,0
317+697,0,0,0
317+717,0,0,0
317+737,0,0,0
317+757,0,0,0
317+777,0,0,0
317+787,0,0,1
317+807,0,0,0
317+827,0,0,0
317+847,1,0,0
317+857,0,0,0
317+877,0,0,0
317+897,0,0,0
317+907,0,0,0
317+927,1,0,0
317+937,0,0,0
317+957,0,0,0
317+977,0,0,0
317+987,0,0,0
318+007,0,0,0
318+017,0,0,0
318+037,0,0,0
318+047,0,0,0
318+067,0,0,0
318+077,0,0,0
318+097,0,0,0
318+107,0,1,0
318+127,0,0,0
318+137,0,0,0
318+157,0,0,0
318+167,0,1,0
318+187,0,0,0
318+197,0,0,0
318+217,0,0,0
318+227,0,0,0
318+247,0,0,0
318+257,0,0,0
318+277,0,0,0
318+287,0,0,0
318+307,0,0,0
318+327,0,0,0
318+337,0,0,0
318+357,0,0,0
318+367,0,0,0
318+387,0,0,0
318+407,0,0,0
318+417,0,0,0
318+437,0,0,0
318+457,0,0,0
318+467,0,0,0
318+487,0,0,0
318+507,0,0,0
318+517,0,0,0
318+537,0,0,0
318+557,0,0,0
318+577,0,0,0
318+597,0,0,1
318+617,0,0,0
318+627,0,0,0
318+647,0,0,0
318+667,0,0,0
318+687,0,0,0
318+707,0,0,0
318+717,0,0,0
318+737,0,0,0
318+757,0,0,0
318+767,0,0,0
318+787,0,0,0
318+807,0,0,0
318+827,0,0,0
318+837,0,0,0
318+857,0,0,0
318+877,0,0,0
318+887,0,0,0
318+907,0,0,0
318+927,0,0,0
318+937,0,0,0
318+957,0,0,0
318+967,0,0,1
318+987,0,0,0
319+007,0,0,0
319+017,0,0,0
319+037,0,0,0
319+047,0,0,0
319+067,0,0,0
319+087,0,0,0
319+097,0,1,0
319+117,0,0,0
319+127,0,0,0
319+147,0,0,0
319+167,0,0,0
319+177,0,0,0
319+197,0,0,0
319+207,0,0,0
319+227,0,0,0
319+237,0,0,0
319+257,0,0,0
319+267,0,0,0
319+287,0,0,0
319+297,0,0,0
319+317,0,0,0
319+327,0,0,0
319+347,0,0,0
319+357,0,0,0
319+377,0,0,0
319+387,0,0,0
319+407,0,0,0
319+417,0,0,0
319+437,0,0,0
319+447,0,0,0
319+467,0,0,0
319+477,0,1,0
319+497,0,0,0
319+507,0,0,0
319+527,0,0,0
319+537,0,0,0
319+547,0,0,0
319+567,0,0,0
319+577,0,0,0
319+587,0,0,0
319+607,0,1,0
319+617,0,0,0
319+627,0,0,0
319+647,0,0,0
319+657,0,0,0
319+677,0,0,0
319+687,0,0,0
319+707,0,0,0
319+717,0,0,0
319+737,0,0,0
319+747,0,1,0
319+767,0,0,0
319+777,0,0,0
319+797,0,0,0
319+817,0,0,0
319+827,0,0,0
319+847,1,0,0
319+857,0,0,0
319+877,0,0,0
319+887,0,0,0
319+907,0,0,0
319+917,0,0,0
319+937,0,0,0
319+957,0,0,0
319+967,0,0,0
319+987,0,0,0
319+997,0,0,0
320+017,0,0,0
320+027,0,0,0
320+047,0,0,0
320+057,0,0,0
320+077,0,0,1
320+087,0,0,0
320+107,0,1,0
320+117,0,0,0
320+137,0,1,0
320+157,0,0,0
320+167,0,0,0
320+187,0,1,0
320+197,0,0,0
320+217,0,0,0
320+227,0,0,0
320+247,0,0,0
320+267,0,0,0
320+277,0,0,0
320+297,0,1,0
320+307,0,0,0
320+327,0,0,0
320+337,0,0,1
320+357,0,0,0
320+367,0,0,0
320+387,0,0,0
320+397,0,0,0
320+417,0,0,0
320+427,0,0,0
320+447,0,1,0
320+457,0,0,0
320+477,0,0,0
320+497,0,0,0
320+507,0,0,0
320+527,0,0,0
320+537,0,0,0
320+557,0,0,0
320+567,0,0,0
320+587,0,0,0
320+607,0,0,0
320+617,0,0,0
320+637,0,0,0
320+657,0,0,0
320+667,0,0,0
320+687,0,0,0
320+697,0,0,0
320+717,0,0,0
320+737,0,0,0
320+747,0,0,0
320+767,0,0,0
320+787,0,0,0
320+797,0,0,0
320+817,0,0,0
320+837,0,0,0
320+857,0,0,0
320+867,0,0,0
320+887,0,1,0
320+907,0,0,0
320+927,0,0,0
320+937,0,0,0
320+957,0,0,0
320+977,0,0,0
320+987,0,0,0
321+007,0,0,0
321+027,0,2,0
321+047,0,1,0
321+057,0,0,0
321+077,0,0,0
321+097,0,0,0
321+117,0,0,0
321+127,0,0,0
321+147,0,0,0
321+157,0,0,0
321+177,0,0,0
321+187,0,0,0
321+207,0,0,0
321+217,0,2,0
321+237,0,0,0
321+247,0,0,0
321+257,0,0,0
321+277,0,0,0
321+287,0,0,1
321+297,0,0,0
321+317,0,0,0
321+327,0,0,0
321+337,0,0,0
321+357,0,0,0
321+367,0,0,0
321+377,0,0,0
321+397,0,1,0
321+407,0,0,0
321+417,0,0,0
321+437,0,1,0
321+447,0,0,0
321+467,0,0,0
321+477,0,0,0
321+487,0,0,0
321+507,0,0,0
321+517,0,0,0
321+537,0,0,0
321+547,0,0,0
321+567,0,0,0
321+577,0,0,0
321+597,0,0,0
321+607,0,0,0
321+617,0,0,0
321+637,0,0,0
321+647,0,0,0
321+667,0,0,0
321+687,0,0,0
321+697,0,0,0
321+717,0,0,0
321+727,0,0,0
321+747,0,0,0
321+757,0,0,0
321+777,0,0,0
321+787,0,0,0
321+807,0,0,0
321+827,0,0,0
321+837,0,0,0
321+857,0,0,0
321+867,0,0,0
321+887,0,0,0
321+907,0,0,0
321+917,0,0,0
321+937,0,0,0
321+947,0,0,0
321+967,0,0,0
321+987,0,1,0
321+997,0,0,0
322+017,0,0,0
322+037,0,0,0
322+047,0,0,0
322+067,0,0,0
322+087,0,0,0
322+097,0,0,0
322+117,0,0,0
322+137,0,0,0
322+147,0,0,0
322+167,0,0,0
322+187,0,0,0
322+197,0,0,0
322+217,0,0,0
322+227,0,0,0
322+247,0,0,0
322+267,0,0,0
322+277,0,0,0
322+297,0,0,0
322+307,0,0,0
322+327,0,0,0
322+337,0,0,1
322+357,0,0,0
322+367,0,0,0
322+387,0,0,0
322+407,0,0,0
322+417,0,0,0
322+437,0,0,0
322+457,0,0,0
322+467,0,0,0
322+487,0,0,0
322+507,0,0,0
322+517,0,0,0
322+537,0,0,1
322+557,0,0,0
322+567,0,0,0
322+587,0,1,0
322+607,0,0,1
322+617,0,0,0
322+637,0,1,0
322+657,0,0,0
322+667,0,0,0
322+687,0,0,0
322+707,0,0,0
322+717,0,0,0
322+737,0,0,0
322+757,0,0,0
322+777,0,0,0
322+787,0,0,0
322+807,0,0,0
322+827,0,0,0
322+847,0,0,0
322+867,0,0,0
322+887,0,0,0
322+897,0,0,0
322+917,0,1,0
322+937,0,0,0
322+947,0,0,0
322+967,0,0,0
322+987,0,0,0
323+007,0,0,0
323+027,0,0,0
323+037,0,0,0
323+057,0,0,0
323+077,0,0,0
323+097,0,0,0
323+107,0,0,0
323+127,0,0,0
323+147,0,0,0
323+167,0,0,0
323+177,0,1,0
323+197,0,0,0
323+217,0,1,0
323+227,0,0,0
323+247,0,0,0
323+267,0,0,0
323+287,0,0,0
323+297,0,0,0
323+317,0,1,0
323+337,0,1,0
323+347,0,0,0
323+367,0,0,1
323+387,0,1,0
323+397,0,0,0
323+417,0,0,0
323+427,0,0,0
323+447,0,0,0
323+467,0,1,0
323+477,0,1,0
323+497,0,0,0
323+507,0,0,0
323+527,0,0,0
323+537,0,0,0
323+557,1,0,0
323+567,0,1,0
323+587,0,0,1
323+597,0,0,0
323+617,0,0,0
323+627,0,0,0
323+647,0,0,0
323+667,0,0,0
323+677,0,0,0
323+697,0,0,0
323+707,0,0,0
323+727,0,0,0
323+737,0,0,0
323+757,0,0,0
323+767,0,0,0
323+787,0,0,0
323+797,0,0,0
323+817,0,0,0
323+837,0,0,0
323+847,0,0,1
323+867,0,0,0
323+877,0,0,0
323+897,0,0,0
323+917,0,0,0
323+927,0,0,0
323+947,0,0,0
323+957,0,1,0
323+977,0,0,0
323+987,0,0,0
324+007,0,0,0
324+017,0,0,0
324+037,0,0,1
324+047,0,0,0
324+067,0,0,0
324+077,0,0,0
324+087,0,0,0
324+107,0,1,0
324+117,0,0,0
324+127,0,0,0
324+147,0,1,0
324+157,0,0,0
324+167,0,0,0
324+187,0,0,0
324+197,0,0,0
324+217,0,0,0
324+227,0,0,0
324+237,0,0,0
324+257,0,0,0
324+267,0,0,0
324+287,0,0,0
324+297,0,0,0
324+317,0,0,0
324+327,0,0,0
324+347,0,0,0
324+357,0,0,0
324+377,0,0,0
324+387,0,0,0
324+407,0,0,0
324+427,0,0,0
324+437,0,0,0
324+457,0,0,0
324+467,0,0,0
324+487,0,0,0
324+507,0,0,0
324+517,0,0,0
324+537,0,0,0
324+547,0,0,0
324+567,0,0,0
324+587,0,0,0
324+597,0,0,0
324+617,0,0,0
324+637,0,0,0
324+647,0,0,0
324+667,1,1,0
324+687,0,0,0
324+697,1,0,0
324+717,0,0,0
324+737,0,0,0
324+747,0,0,0
324+767,0,1,0
324+787,0,0,0
324+797,0,0,0
324+817,0,0,0
324+827,0,0,0
324+847,0,0,0
324+867,0,0,0
324+877,0,0,0
324+897,0,0,0
324+907,0,0,0
324+927,0,1,0
324+937,1,0,0
324+957,0,0,0
324+967,0,0,0
324+987,0,0,0
324+997,0,0,0
325+017,0,0,0
325+027,0,0,0
325+047,0,0,0
325+067,0,0,0
325+077,0,0,0
325+097,0,0,0
325+107,0,0,0
325+127,0,0,0
325+137,0,0,0
325+157,0,0,0
325+167,0,0,0
325+187,0,0,0
325+197,0,0,0
325+217,0,0,0
325+227,0,0,0
325+247,0,0,0
325+257,0,0,0
325+277,0,0,0
325+287,0,0,0
325+307,0,1,0
325+327,0,0,0
325+337,0,0,0
325+357,0,0,0
325+367,0,0,0
325+387,0,0,0
325+397,0,0,0
325+417,0,0,0
325+437,0,0,0
325+447,0,0,0
325+467,0,0,0
325+477,0,0,0
325+487,0,1,0
325+507,0,0,0
325+517,0,0,0
325+537,0,0,0
325+547,0,0,0
325+567,0,0,0
325+587,0,0,0
325+597,0,0,0
325+617,0,0,0
325+627,0,0,0
325+647,0,0,0
325+657,0,0,0
325+677,0,0,0
325+687,0,0,0
325+707,0,0,0
325+727,0,0,0
325+737,0,0,0
325+757,0,0,0
325+777,0,0,0
325+787,0,0,0
325+807,0,0,0
325+817,0,0,0
325+837,0,0,0
325+847,0,1,0
325+867,0,0,0
325+887,0,0,0
325+907,0,0,0
325+917,0,0,0
325+937,0,0,0
325+957,0,0,0
325+967,0,0,0
325+987,0,0,0
326+007,0,0,0
326+017,0,1,0
326+037,0,0,1
326+057,0,0,0
326+067,0,0,0
326+087,0,0,0
326+097,0,0,0
326+117,0,0,0
326+127,0,0,0
326+147,0,1,0
326+167,0,1,0
326+177,0,0,0
326+197,0,0,0
326+207,0,0,0
326+217,0,0,0
326+237,0,0,0
326+257,0,0,0
326+267,0,0,0
326+287,0,0,0
326+297,0,0,0
326+317,0,0,0
326+327,0,0,0
326+337,0,0,0
326+357,0,0,0
326+367,0,0,0
326+377,0,0,0
326+397,0,0,0
326+407,0,0,0
326+417,0,0,0
326+437,0,0,0
326+447,0,0,0
326+457,0,0,0
326+477,0,0,0
326+487,0,0,0
326+497,0,0,0
326+517,0,0,0
326+527,0,0,0
326+547,0,0,0
326+557,0,0,0
326+577,0,0,0
326+587,0,0,0
326+607,0,0,0
326+617,0,0,0
326+637,0,0,0
326+647,0,1,0
326+667,0,0,0
326+677,0,0,0
326+697,0,0,0
326+707,0,0,0
326+727,0,0,0
326+737,0,0,0
326+757,0,0,0
326+777,0,0,0
326+787,0,0,0
326+807,0,0,0
326+817,0,0,0
326+837,0,0,0
326+857,0,0,0
326+867,0,0,1
326+887,0,0,0
326+897,0,0,0
326+917,0,0,0
326+927,0,0,0
326+947,0,0,0
326+957,0,0,0
326+977,0,0,0
326+997,0,0,0
327+007,0,0,0
327+027,0,1,0
327+037,0,0,0
327+057,0,0,0
327+067,0,0,0
327+087,0,0,0
327+097,0,0,0
327+117,0,0,0
327+127,0,0,0
327+147,0,0,0
327+157,0,0,0
327+177,0,0,0
327+187,0,0,0
327+207,0,0,0
327+217,0,0,0
327+237,0,0,0
327+247,0,0,0
327+257,0,0,0
327+277,0,0,0
327+287,0,0,0
327+307,0,0,0
327+317,0,0,0
327+327,0,0,0
327+347,0,0,1
327+357,0,0,0
327+377,0,0,0
327+387,0,0,0
327+397,0,0,0
327+407,0,0,0
327+427,0,0,0
327+437,0,0,0
327+447,0,0,0
327+467,0,0,0
327+477,0,0,0
327+487,0,0,0
327+507,0,0,0
327+517,0,0,0
327+527,0,0,0
327+547,0,0,0
327+557,1,0,0
327+577,0,0,0
327+587,0,0,0
327+607,0,0,0
327+617,0,0,0
327+637,0,1,0
327+647,1,0,0
327+667,0,1,0
327+677,0,0,0
327+687,0,0,0
327+707,0,0,0
327+717,0,0,0
327+737,0,0,0
327+747,0,0,0
327+767,1,0,0
327+777,0,0,0
327+797,0,0,0
327+807,0,0,0
327+817,0,0,0
327+837,0,0,0
327+847,0,0,0
327+867,0,1,0
327+877,0,0,0
327+897,0,0,0
327+907,0,0,0
327+927,0,0,0
327+937,0,1,0
327+957,0,0,0
327+967,0,0,0
327+987,0,0,0
327+997,0,0,0
328+007,0,0,0
328+027,0,0,0
328+037,0,1,0
328+047,0,1,0
328+067,0,0,0
328+077,0,0,0
328+087,0,0,0
328+107,0,1,0
328+117,0,0,0
328+127,0,0,1
328+147,0,0,0
328+157,0,0,0
328+177,0,0,0
328+187,0,0,0
328+197,0,0,0
328+217,0,0,0
328+227,0,0,0
328+247,0,0,0
328+257,0,0,0
328+267,0,0,0
328+287,0,0,0
328+297,0,0,0
328+317,0,0,0
328+327,0,0,0
328+347,0,0,0
328+357,0,0,0
328+377,0,0,0
328+387,0,0,0
328+397,0,0,0
328+417,0,0,0
328+427,0,0,1
328+437,0,0,0
328+457,0,0,0
328+467,0,0,0
328+477,0,0,0
328+487,0,0,0
328+507,0,0,0
328+517,0,0,0
328+527,0,0,0
328+547,0,0,0
328+557,0,0,0
328+577,0,0,0
328+587,0,0,0
328+597,0,0,0
328+607,0,0,0
328+627,0,0,0
328+637,0,0,0
328+647,0,0,0
328+667,0,0,0
328+677,0,0,1
328+687,0,0,1
328+697,0,0,0
328+717,0,0,0
328+727,0,0,0
328+737,0,0,0
328+747,0,0,0
328+757,0,0,0
328+777,0,0,0
328+787,0,0,1
328+797,1,1,0
328+817,0,0,0
328+827,0,0,0
328+847,0,0,0
328+857,0,0,0
328+867,0,0,0
328+887,0,0,1
328+897,1,0,0
328+917,0,1,0
328+927,0,0,0
328+947,0,0,0
328+957,0,0,0
328+977,0,0,0
328+987,1,0,0
329+007,0,0,0
329+017,0,0,0
329+037,0,0,0
329+047,0,0,0
329+067,0,0,0
329+077,0,0,0
329+097,0,0,0
329+117,0,0,0
329+127,0,0,0
329+147,0,1,0
329+157,0,1,0
329+177,0,1,0
329+197,0,0,0
329+207,0,0,0
329+227,0,0,0
329+237,0,0,0
329+257,0,0,0
329+267,0,0,0
329+287,0,0,0
329+297,0,0,0
329+317,0,0,0
329+327,0,0,0
329+337,0,0,0
329+357,0,0,0
329+367,0,0,0
329+387,0,0,0
329+397,0,0,0
329+417,0,0,0
329+427,0,0,0
329+447,0,0,0
329+457,0,0,0
329+467,0,0,0
329+487,0,0,0
329+497,0,0,0
329+507,0,0,0
329+517,0,0,0
329+537,0,0,0
329+547,0,0,0
329+557,0,0,0
329+567,0,0,0
329+587,0,0,0
329+597,0,0,0
329+607,0,0,0
329+627,0,0,0
329+637,0,0,0
329+647,0,0,0
329+667,0,0,0
329+677,0,0,0
329+687,0,0,0
329+707,0,0,0
329+717,0,0,0
329+727,0,0,0
329+747,0,0,0
329+757,0,0,0
329+767,0,0,0
329+787,0,1,0
329+797,0,0,0
329+807,0,0,0
329+827,0,0,0
329+837,0,0,0
329+847,0,0,0
329+867,0,0,0
329+877,0,0,0
329+897,0,0,0
329+907,0,0,0
329+917,0,0,0
329+937,0,0,0
329+947,0,0,0
329+967,0,1,0
329+977,0,0,0
329+987,0,0,0
330+007,0,0,0
330+017,0,0,0
330+037,0,0,0
330+057,0,0,0
330+067,0,0,0
330+077,0,0,0
330+097,0,0,0
330+107,0,0,0
330+127,0,0,0
330+137,0,0,0
330+157,0,0,0
330+167,0,0,0
330+187,0,0,0
330+197,0,0,0
330+217,0,0,0
330+227,0,0,0
330+237,0,0,0
330+257,0,0,0
330+267,0,0,0
330+287,0,0,0
330+307,0,0,0
330+317,0,0,0
330+337,0,0,0
330+347,0,0,0
330+367,0,0,0
330+377,0,0,0
330+397,0,0,0
330+417,0,0,0
330+427,0,0,0
330+447,0,1,0
330+467,0,0,0
330+477,0,0,0
330+497,0,0,1
330+517,0,0,0
330+537,0,0,0
330+547,0,0,0
330+567,0,0,0
330+587,0,0,1
330+607,0,1,0
330+617,0,0,0
330+637,0,0,0
330+657,0,0,0
330+667,0,0,0
330+687,1,0,0
330+707,0,0,0
330+717,0,0,0
330+737,0,0,0
330+757,0,0,0
330+767,1,0,0
330+787,0,0,0
330+807,0,0,0
330+817,0,0,0
330+837,0,0,0
330+857,0,0,0
330+877,0,0,0
330+897,0,0,0
330+907,0,1,0
330+927,0,0,0
330+947,0,1,0
330+957,0,0,0
330+977,1,0,0
330+987,0,0,0
331+007,0,0,0
331+017,0,0,0
331+037,0,0,0
331+057,0,0,0
331+067,0,1,0
331+087,0,0,0
331+097,0,0,0
331+107,0,0,0
331+127,0,0,0
331+137,0,0,0
331+157,0,0,0
331+167,0,0,0
331+177,0,0,0
331+197,0,0,0
331+207,0,0,0
331+227,0,0,0
331+237,0,0,0
331+257,0,0,0
331+267,0,0,0
331+277,0,0,0
331+297,0,0,0
331+307,0,0,0
331+327,0,0,0
331+337,0,0,0
331+357,0,0,0
331+367,0,0,0
331+387,0,0,0
331+397,0,0,0
331+417,0,0,0
331+427,0,1,0
331+447,0,0,0
331+457,0,1,0
331+477,0,0,0
331+487,0,0,0
331+507,0,0,0
331+517,0,0,0
331+527,0,0,0
331+547,0,0,0
331+557,0,0,0
331+577,0,0,0
331+587,0,0,0
331+607,0,0,0
331+617,0,0,0
331+627,0,1,0
331+647,0,0,0
331+657,0,0,0
331+667,0,1,0
331+677,0,1,0
331+697,0,0,0
331+707,0,0,0
331+717,0,0,0
331+737,0,0,0
331+747,0,0,0
331+767,0,0,0
331+777,0,0,0
331+787,0,0,0
331+807,0,0,0
331+817,0,0,0
331+827,0,0,0
331+847,0,0,0
331+857,0,0,0
331+867,0,0,0
331+887,0,0,0
331+897,0,0,0
331+917,0,0,0
331+927,0,0,0
331+937,0,0,0
331+957,0,0,0
331+967,0,0,0
331+987,0,0,0
331+997,0,0,0
332+017,0,1,0
332+027,0,0,0
332+047,0,0,0
332+057,0,0,0
332+077,0,0,0
332+097,0,0,0
332+107,0,0,0
332+127,0,0,0
332+137,0,0,0
332+157,0,1,0
332+167,0,1,0
332+187,0,0,0
332+197,0,0,0
332+207,0,0,0
332+227,0,0,0
332+237,0,0,0
332+247,0,0,0
332+257,0,0,0
332+267,0,0,0
332+287,0,0,0
332+297,0,0,0
332+307,0,0,0
332+317,0,0,0
332+327,0,0,0
332+337,0,0,0
332+347,0,0,0
332+367,0,0,0
332+377,0,0,0
332+387,0,0,0
332+397,0,0,0
332+407,0,0,0
332+417,0,0,0
332+427,0,0,0
332+437,0,0,0
332+457,0,0,0
332+467,0,0,0
332+477,0,0,0
332+487,0,0,0
332+497,0,0,1
332+507,0,0,0
332+517,0,0,0
332+527,0,0,0
332+537,0,0,0
332+547,0,0,0
332+557,0,0,0
332+567,0,0,0
332+577,0,1,0
332+587,0,0,0
,0,0,0
332+597,0,0,0
332+607,0,0,0
332+617,0,0,0
332+627,0,0,1
332+637,0,0,0
332+647,0,0,0
332+657,0,0,0
332+667,0,0,0
332+677,0,0,0
332+687,0,0,0
332+697,0,0,0
332+707,0,0,0
332+717,0,0,0
332+737,0,0,0
332+747,0,0,0
332+757,0,0,0
332+767,0,0,1
332+777,0,0,0
332+787,0,0,0
332+797,0,0,0
332+817,0,0,0
332+827,0,0,0
332+837,0,0,0
332+847,1,0,0
332+857,0,0,0
332+867,0,0,0
332+887,0,0,0
332+897,0,0,0
332+907,0,0,0
332+917,0,0,0
332+937,0,0,0
332+947,1,0,0
332+957,0,0,0
332+967,0,0,0
332+977,0,0,1
332+997,0,0,0
333+007,0,0,0
333+017,0,0,0
333+027,0,1,0
333+037,0,0,0
333+057,0,1,0
333+067,0,0,0
333+077,0,0,0
333+087,0,0,0
333+097,0,1,0
333+107,0,0,0
333+117,0,0,0
333+127,0,0,0
333+137,0,0,0
333+147,0,0,0
333+157,0,0,0
333+177,0,0,0
333+187,0,0,0
333+197,0,0,0
,0,0,0
333+207,0,0,0
333+217,0,0,0
333+227,0,2,0
333+237,0,0,0
333+247,0,0,0
333+257,0,0,0
333+267,0,0,0
333+277,0,0,0
333+287,0,0,0
333+297,0,0,0
333+307,0,0,0
333+327,0,0,0
333+337,0,0,0
333+347,0,0,0
333+357,0,0,0
333+377,0,0,0
333+387,0,0,0
333+397,0,0,0
333+407,0,0,0
333+427,0,0,0
333+437,0,0,0
333+447,0,0,0
333+467,0,0,0
333+477,0,1,0
333+497,0,1,0
333+507,0,0,0
333+517,0,0,0
333+537,0,0,0
333+547,0,0,0
333+567,0,0,0
333+577,0,0,0
333+597,0,0,0
333+607,0,0,0
333+617,0,0,0
333+637,0,0,0
333+647,0,0,0
333+657,0,0,0
333+677,0,0,0
333+687,0,0,0
333+707,0,0,1
333+717,0,0,0
333+727,0,0,0
333+747,0,0,0
333+757,0,0,0
333+767,0,0,0
333+777,0,0,0
333+797,0,0,0
333+807,0,0,0
333+827,0,0,0
333+837,0,0,0
333+857,0,0,0
333+867,0,0,0
333+887,0,0,0
333+897,0,0,0
333+917,0,0,1
333+927,0,0,0
333+947,0,0,0
333+957,0,0,0
333+977,0,0,0
333+987,0,0,0
334+007,0,0,0
334+017,0,0,0
334+037,0,0,0
334+057,0,0,0
334+067,0,0,0
334+087,0,0,0
334+107,0,0,0
334+117,0,0,0
334+137,0,0,0
334+157,0,0,0
334+177,0,0,0
334+187,0,0,0
334+207,0,0,0
334+227,0,0,1
334+247,0,0,0
334+257,0,0,0
334+277,0,0,0
334+297,0,2,0
334+317,0,1,0
334+337,0,0,1
334+347,0,0,0
334+367,0,0,0
334+387,0,0,0
334+397,0,0,0
334+417,0,1,0
334+437,0,0,0
334+447,0,0,0
334+467,0,0,0
334+487,0,0,0
334+497,0,0,0
334+517,0,0,0
334+537,0,0,0
334+547,0,0,0
334+567,0,0,0
334+587,0,0,0
334+597,0,0,0
334+617,0,0,0
334+637,0,0,0
334+657,0,0,0
334+667,0,0,0
334+687,0,0,0
334+707,0,0,0
334+727,0,0,0
334+747,0,0,0
334+767,0,0,0
334+777,0,0,0
334+797,0,0,0
334+817,0,0,0
334+827,0,0,0
334+847,0,0,0
334+867,0,0,0
334+887,0,0,0
334+897,0,0,1
334+917,0,0,0
334+937,0,1,0
334+947,0,0,0
334+967,0,0,0
334+977,0,0,0
334+997,0,0,0
335+017,0,0,0
335+037,0,0,0
335+047,0,0,0
335+067,0,0,0
335+077,0,0,0
335+097,0,0,0
335+107,0,0,0
335+127,0,0,0
335+147,0,0,0
335+157,0,0,0
335+177,0,0,0
335+187,0,0,0
335+207,0,0,1
335+217,0,0,0
335+237,0,0,0
335+257,0,0,0
335+267,0,0,0
335+287,0,0,0
335+297,0,0,0
335+317,0,0,0
335+327,0,0,0
335+347,0,0,0
335+367,0,0,0
335+377,0,1,0
335+397,0,0,0
335+407,0,0,0
335+427,0,0,0
335+447,0,0,0
335+457,0,0,1
335+477,0,0,0
335+487,0,1,0
335+507,0,1,0
335+517,0,0,0
335+537,0,0,0
335+557,0,0,0
335+567,0,0,0
335+587,0,0,0
335+597,0,0,0
335+617,0,0,0
335+627,0,0,0
335+647,0,0,0
335+667,0,0,0
335+677,0,0,0
335+697,0,0,0
335+717,0,0,0
335+727,0,1,0
335+747,0,0,0
335+757,0,0,0
335+777,0,0,0
335+797,0,0,0
335+807,0,0,0
335+827,0,0,0
335+847,0,0,0
335+857,0,0,0
335+877,0,0,0
335+897,0,0,0
335+907,0,0,0
335+927,0,0,0
335+947,0,0,0
335+957,0,0,0
335+977,0,0,0
335+987,0,0,0
336+007,0,0,0
336+027,0,0,0
336+037,0,0,0
336+057,0,0,0
336+077,0,0,0
336+087,0,0,0
336+107,0,0,0
336+117,0,0,0
336+137,0,0,0
336+157,0,0,0
336+167,0,0,0
336+187,0,0,0
336+207,0,0,0
336+217,0,0,0
336+237,0,0,0
336+247,0,0,0
336+267,0,0,0
336+287,0,0,0
336+307,0,0,0
336+317,0,0,0
336+337,0,0,0
336+347,0,0,0
336+367,0,0,0
336+387,0,0,0
336+407,0,0,0
336+417,0,0,0
336+437,0,0,0
336+457,0,0,0
336+477,0,0,0
336+487,0,1,0
336+507,0,0,0
336+527,0,0,0
336+547,0,0,0
336+557,0,0,0
336+577,0,0,0
336+597,0,0,0
336+607,0,0,0
336+627,0,0,0
336+647,0,0,0
336+657,0,0,0
336+677,0,0,1
336+697,0,0,0
336+707,0,0,0
336+727,0,0,0
336+747,0,0,0
336+757,0,0,0
336+777,0,0,0
336+787,0,0,0
336+807,0,1,0
336+817,0,0,0
336+837,0,0,0
336+847,0,0,0
336+867,0,0,0
336+887,0,0,0
336+897,0,0,0
336+917,0,1,0
336+927,0,0,0
336+947,1,0,0
336+957,0,0,0
336+967,0,0,0
336+987,0,0,0
336+997,0,0,0
337+017,0,0,0
337+027,0,0,0
337+037,0,0,0
337+057,0,1,0
337+067,0,0,0
337+087,0,0,0
337+097,0,0,0
337+117,0,0,0
337+127,0,0,0
337+147,0,1,0
337+167,0,0,0
337+177,0,0,0
337+197,0,0,0
337+207,0,1,0
337+227,0,0,0
337+237,0,0,0
337+247,0,0,0
337+267,0,0,0
337+277,0,0,0
337+297,0,0,0
337+307,0,0,0
337+327,0,0,0
337+337,0,0,0
337+347,0,0,0
337+367,0,0,0
337+377,0,0,0
337+387,0,0,0
337+407,0,0,1
337+417,0,0,1
337+427,0,0,0
337+447,0,0,0
337+457,0,0,0
337+467,0,0,0
337+487,0,0,0
337+497,0,0,0
337+507,0,0,0
337+527,0,0,0
337+537,0,0,0
337+547,0,0,0
337+567,0,0,0
337+577,0,0,0
337+587,0,0,0
337+597,0,0,0
337+617,0,0,0
337+627,0,0,0
337+637,0,0,0
337+647,0,0,0
337+657,0,0,0
337+667,0,0,0
337+677,0,0,0
337+687,0,1,0
337+707,0,0,0
337+717,0,0,0
337+727,0,0,0
337+737,0,0,0
337+747,0,0,0
337+767,0,0,0
337+777,0,0,0
337+787,0,1,0
337+797,0,0,0
337+817,0,0,0
337+837,0,0,0
337+847,0,0,0
337+867,0,0,0
337+877,0,0,0
337+887,0,0,0
337+907,0,0,0
337+917,0,0,0
337+937,0,0,0
337+947,0,0,0
337+967,0,0,0
337+977,0,0,0
337+997,0,0,0
338+007,0,0,0
338+027,0,0,0
338+037,0,0,0
338+057,0,0,0
338+067,0,0,0
338+087,0,0,0
338+107,0,0,0
338+117,0,0,0
338+137,0,1,0
338+157,0,0,0
338+177,0,0,0
338+187,0,0,0
338+207,0,0,0
338+227,0,0,0
338+247,0,0,0
338+257,0,0,0
338+277,0,0,0
338+297,0,0,0
338+317,0,0,0
338+337,0,0,0
338+347,0,0,0
338+367,0,0,0
338+387,0,0,0
338+397,0,0,0
338+417,0,0,0
338+437,0,0,0
338+457,0,0,0
338+467,0,0,0
338+487,0,0,0
338+507,0,0,0
338+517,0,1,0
338+537,0,0,0
338+557,0,0,0
338+567,0,0,0
338+587,0,0,0
338+597,0,0,0
338+617,0,0,0
338+637,0,0,0
338+647,1,0,0
338+667,0,1,0
338+677,0,0,0
338+697,0,0,0
338+717,0,0,1
338+727,0,0,0
338+747,0,0,0
338+757,0,0,0
338+777,0,0,0
338+787,0,0,0
338+807,0,0,0
338+827,0,0,0
338+837,0,0,0
338+857,1,0,0
338+867,0,0,0
338+887,0,1,0
338+897,0,0,0
338+917,0,0,0
338+927,0,0,0
338+947,0,0,0
338+957,0,0,1
338+977,0,0,0
338+987,0,2,0
338+997,0,0,0
339+017,0,0,0
339+027,0,1,0
339+037,0,0,0
339+057,0,1,0
339+067,0,1,0
339+077,0,0,0
339+087,0,1,0
339+107,0,1,0
339+117,0,0,0
339+127,0,0,0
339+137,0,1,0
339+147,0,0,0
339+167,0,0,0
339+177,0,0,0
339+187,0,0,0
339+197,0,0,0
339+207,0,0,0
339+227,0,0,0
339+237,0,0,0
339+247,0,0,0
339+257,0,0,0
339+267,0,0,0
339+287,0,0,0
339+297,0,0,0
339+307,0,0,0
339+327,0,0,0
339+337,0,0,0
339+357,0,0,0
339+367,0,0,0
339+377,0,0,0
339+397,0,0,0
339+407,0,0,0
339+427,0,0,0
339+437,0,0,0
339+447,0,0,0
339+467,0,0,0
339+477,0,0,0
339+497,0,0,0
339+507,0,0,0
339+527,0,0,0
339+537,0,0,0
339+547,0,0,0
339+567,0,0,0
339+577,0,0,0
339+587,0,0,0
339+607,0,0,0
339+617,0,0,0
339+637,0,0,1
339+647,0,0,0
339+657,0,0,0
339+677,0,0,0
339+687,0,0,0
339+707,0,0,0
339+717,0,1,0
339+727,0,0,0
339+737,0,0,0
339+757,0,0,0
339+767,0,0,0
339+787,0,0,0
339+797,0,0,0
339+807,0,0,0
339+827,0,0,0
339+837,0,0,0
339+847,0,0,0
339+867,0,0,0
339+877,0,0,0
339+887,0,0,0
339+907,0,0,0
339+917,0,0,0
339+927,0,0,0
339+937,0,0,0
339+957,0,0,0
339+967,0,0,0
339+977,0,0,0
339+997,0,0,0
340+007,0,0,0
340+027,0,0,0
340+037,0,0,0
340+047,0,0,0
340+067,0,0,0
340+077,0,0,0
340+097,0,0,0
340+107,0,0,0
340+117,0,0,0
340+137,0,0,0
340+147,0,0,0
340+167,0,0,0
340+177,0,0,0
340+197,0,0,0
340+207,0,0,0
340+227,0,0,0
340+237,0,0,0
340+257,0,0,0
340+267,0,0,0
340+287,0,0,0
340+297,0,1,0
,0,0,0
340+307,0,0,0
340+327,0,1,0
340+337,0,1,0
340+357,0,0,0
340+367,0,1,0
340+387,0,0,0
340+397,0,1,0
340+417,0,1,0
340+437,0,1,1
340+447,0,1,1
340+467,0,0,0
340+477,1,0,0
340+497,0,0,0
340+507,0,0,0
340+527,0,0,0
340+537,0,0,0
340+557,0,0,0
340+567,0,0,0
340+577,0,0,1
340+597,0,0,0
340+607,0,0,0
340+627,0,0,0
340+637,0,0,0
340+657,0,0,0
340+667,0,0,0
340+687,0,0,0
340+697,0,0,0
340+717,0,0,0
340+727,0,0,0
340+747,0,0,0
340+757,0,0,1
340+777,0,0,0
340+787,0,1,0
340+807,0,0,2
340+817,0,1,1
340+827,0,1,0
340+847,0,0,0
340+857,0,0,0
340+877,0,0,1
340+887,0,0,0
340+907,0,0,0
340+917,0,0,0
340+937,0,0,0
340+947,0,0,0
340+957,0,0,0
340+977,0,0,0
340+987,0,1,0
341+007,0,0,0
341+017,0,0,0
341+037,0,0,0
341+047,0,0,0
341+057,0,0,0
341+077,0,0,0
341+087,0,0,0
341+097,0,0,0
341+117,1,0,0
341+127,0,0,1
341+137,0,0,0
341+157,0,0,1
341+167,0,0,0
341+177,0,0,0
341+187,0,0,1
341+207,0,0,1
341+217,0,0,0
341+227,0,0,0
341+237,0,0,0
341+257,0,0,0
341+267,0,0,0
341+277,0,0,0
341+297,0,0,0
341+307,0,0,0
341+317,0,0,0
341+327,1,0,0
341+347,0,0,0
341+357,0,0,0
341+367,0,0,0
341+377,0,0,0
341+387,0,0,0
341+407,1,0,0
341+417,0,0,0
341+427,1,0,0
341+437,0,0,0
341+457,0,0,0
341+467,0,0,0
341+477,0,0,0
341+497,0,0,0
341+507,0,0,0
341+517,0,0,0
341+527,0,0,0
341+537,0,0,0
341+557,0,0,0
341+567,0,0,0
341+577,0,0,0
341+587,0,0,0
341+597,0,0,0
341+607,0,1,0
341+617,0,0,0
341+627,0,0,0
341+647,0,0,0
341+657,0,0,0
341+667,0,0,0
341+677,0,0,0
341+687,0,0,0
341+697,0,0,0
341+707,0,0,0
341+717,1,0,0
341+737,0,0,1
341+747,1,0,0
341+757,0,0,0
341+767,0,0,0
341+787,0,0,0
341+797,0,0,0
341+807,0,0,0
341+817,0,0,0
341+837,0,0,0
341+847,0,0,0
341+857,0,0,0
341+877,0,0,0
341+887,0,0,0
341+897,0,0,0
341+917,0,0,0
341+927,0,0,1
341+937,0,0,0
341+957,0,0,0
341+967,0,0,0
341+987,0,0,0
341+997,0,1,0
342+007,0,0,0
342+027,0,0,0
342+037,0,0,0
342+057,0,1,0
342+067,0,1,0
342+087,0,0,0
342+097,0,1,0
342+117,0,0,0
342+127,1,2,0
342+147,0,1,0
342+157,0,0,0
342+167,0,0,0
342+187,0,0,0
342+197,0,0,0
342+217,0,1,0
342+227,0,0,0
342+237,0,1,0
342+257,1,0,0
342+267,0,0,0
342+277,0,0,0
342+287,0,1,0
342+307,0,0,0
342+317,0,0,0
342+327,0,1,0
342+337,0,0,0
342+347,0,0,0
342+357,0,0,0
342+377,0,0,0
342+387,0,0,0
342+397,0,0,0
342+417,0,0,0
342+427,0,0,0
342+437,0,1,0
342+457,0,0,1
342+467,0,0,0
342+487,0,0,0
342+497,0,0,0
342+517,1,0,0
342+527,0,0,0
342+537,0,0,0
342+557,0,0,0
342+567,0,0,0
342+587,0,0,0
342+607,0,0,0
342+617,0,0,0
342+637,0,0,0
342+647,0,0,0
342+667,0,0,0
342+677,0,0,0
342+697,0,0,0
342+707,0,0,0
342+727,0,2,0
342+737,0,0,0
342+757,0,0,0
342+777,0,0,0
342+787,0,0,0
342+807,0,0,0
342+817,0,0,0
342+837,0,0,0
342+847,0,0,0
342+867,0,0,0
342+887,0,0,0
342+897,0,0,0
342+917,0,0,0
342+937,0,0,0
342+947,0,0,0
342+967,0,0,0
342+987,0,0,0
342+997,0,1,0
343+017,0,0,0
343+027,0,0,0
343+047,0,0,0
343+067,0,0,0
343+077,0,0,0
343+097,0,0,0
343+107,0,0,0
343+127,0,0,0
343+147,1,0,0
343+157,0,0,0
343+177,0,0,0
343+187,0,0,0
343+207,0,0,0
343+217,0,0,1
343+237,0,0,0
343+247,0,0,0
343+267,0,0,0
343+277,0,0,0
343+297,0,0,0
343+307,0,0,0
343+327,1,0,0
343+347,1,0,0
343+357,0,1,0
343+377,0,0,0
343+397,0,0,0
343+407,1,0,0
343+427,0,0,0
343+447,0,0,0
343+457,0,0,0
343+477,0,0,0
343+497,0,0,0
343+507,0,0,0
343+527,0,0,0
343+537,0,0,0
343+557,0,0,0
343+567,0,0,0
343+587,0,0,0
343+597,0,0,0
343+617,0,0,0
343+627,1,0,0
343+637,0,0,0
343+657,0,0,0
343+667,1,0,0
343+677,0,0,0
343+697,0,0,0
343+707,0,0,0
343+717,0,1,0
343+737,0,0,0
343+747,0,0,0
343+757,0,0,0
343+777,0,0,0
343+787,0,0,0
343+797,0,0,0
343+807,0,0,1
343+817,0,0,0
343+827,0,0,0
343+847,0,0,0
343+857,0,0,0
343+867,0,0,0
343+877,0,0,0
343+887,0,0,0
343+897,0,0,0
343+917,0,0,1
343+927,0,0,0
343+937,0,0,0
343+947,0,0,1
343+957,0,0,0
343+967,0,0,0
343+987,0,0,1
343+997,0,0,0
344+007,0,0,0
344+017,0,0,0
344+027,0,0,0
344+047,0,0,0
344+057,0,0,0
344+067,0,0,0
344+077,0,0,0
344+087,0,0,1
344+097,0,1,0
344+117,0,1,0
344+127,0,1,0
344+137,0,0,0
344+147,0,0,0
344+167,0,0,0
344+177,0,1,0
344+187,0,0,0
344+197,0,0,0
344+217,0,1,0
344+227,0,1,0
344+237,0,0,0
344+247,0,0,0
344+267,0,0,0
344+277,0,0,0
344+287,0,0,0
344+297,0,0,0
344+317,0,0,0
344+327,0,0,0
344+337,0,0,0
344+347,0,0,0
344+357,0,0,0
344+367,0,0,0
344+387,0,0,0
344+397,0,0,0
344+407,0,0,1
344+417,0,0,0
344+427,0,0,1
344+447,0,0,0
344+457,0,0,0
344+467,0,0,0
344+477,0,0,0
344+497,0,0,0
344+507,0,1,0
344+517,0,0,0
344+537,0,0,0
344+547,0,0,1
344+557,0,0,0
344+567,0,0,0
344+587,0,0,0
344+597,0,0,0
344+607,0,0,0
344+627,0,0,1
344+637,0,0,0
344+647,0,0,0
344+667,0,0,0
344+677,0,0,0
344+687,0,0,0
344+707,0,0,0
344+717,0,0,0
344+727,0,1,0
344+747,0,0,0
344+757,0,0,0
344+777,0,0,0
344+787,0,0,0
344+797,0,0,0
344+817,0,1,0
344+827,0,0,0
344+847,0,0,0
344+857,0,0,0
344+877,0,0,0
344+887,0,0,0
344+907,0,0,0
344+917,0,0,0
344+937,0,0,0
344+947,0,0,0
344+967,0,0,0
344+977,0,0,0
344+997,0,0,0
345+007,0,0,0
345+027,0,0,0
345+037,0,0,0
345+057,0,1,0
345+067,0,0,0
345+087,0,0,0
345+097,0,0,0
345+117,0,0,0
345+127,0,0,0
345+147,0,0,0
345+157,0,0,0
345+177,0,0,0
345+187,0,0,0
345+207,0,0,0
345+217,0,0,0
345+237,0,0,0
345+257,0,0,0
345+267,0,0,0
345+287,0,0,0
345+297,0,0,0
345+317,0,0,0
345+327,0,1,0
345+347,0,0,0
345+357,0,1,0
345+377,0,0,0
345+397,0,0,0
345+407,0,1,0
345+427,0,0,0
345+447,0,0,1
345+457,0,0,1
345+477,0,0,0
345+497,0,0,0
345+507,0,0,0
345+527,0,0,0
345+547,0,0,0
345+557,0,0,0
345+577,0,0,0
345+587,0,1,0
345+607,0,0,1
345+617,0,0,0
345+637,0,0,0
345+647,0,0,0
345+657,0,0,0
345+677,0,0,0
345+687,0,0,0
345+707,0,0,0
345+717,0,0,0
345+737,0,0,0
345+747,0,0,0
345+767,0,0,0
345+777,0,0,0
345+787,0,0,0
345+807,0,0,0
345+817,0,0,0
345+837,0,0,0
345+847,0,0,0
345+857,0,0,0
345+877,0,0,0
345+887,0,0,0
345+907,0,0,0
345+917,0,0,0
345+937,0,0,0
345+947,0,0,0
345+957,0,0,0
345+977,0,0,0
345+987,0,0,0
346+007,0,1,0
346+017,0,0,0
346+027,0,0,0
346+047,0,0,0
346+057,0,1,0
346+077,0,0,0
346+087,0,0,0
346+107,0,0,0
346+117,0,0,0
346+127,0,0,0
346+147,0,0,0
346+157,0,0,0
346+177,0,0,0
346+187,0,0,0
346+197,0,1,0
346+207,0,0,0
346+227,0,1,0
346+237,0,0,0
346+247,0,0,0
346+257,0,0,0
346+277,0,0,0
346+287,0,0,0
346+297,0,0,0
346+317,0,0,0
346+327,0,1,0
346+347,0,0,0
346+357,0,0,0
346+367,0,0,0
346+387,0,0,0
346+397,0,0,0
346+407,0,0,0
346+417,0,0,0
346+437,0,0,0
346+447,0,0,0
346+457,0,0,0
346+467,0,0,0
346+487,0,0,1
346+497,0,0,0
346+507,0,0,1
346+527,0,0,0
346+537,0,0,0
346+547,0,0,0
346+567,0,0,0
346+577,0,0,1
346+587,0,0,0
346+607,0,0,0
346+617,0,0,0
346+627,0,1,0
346+647,0,0,0
346+657,0,0,0
346+667,0,0,0
346+687,0,0,0
346+697,0,0,0
346+717,0,0,0
346+727,0,0,0
346+747,0,0,0
346+757,0,0,0
346+777,0,0,1
346+787,0,0,0
346+807,0,0,0
346+817,0,0,0
346+837,0,0,0
346+847,0,0,0
346+867,0,1,0
346+877,0,0,0
346+897,0,0,0
346+907,0,0,0
346+927,0,0,0
346+937,0,0,0
346+957,0,0,0
346+967,0,0,0
346+987,0,0,0
346+997,0,0,0
347+017,0,0,0
347+037,0,0,0
347+047,0,1,0
347+067,0,0,0
347+077,0,0,0
347+097,0,0,0
347+107,0,0,0
347+127,0,0,0
347+147,0,1,0
347+157,0,0,0
347+177,0,0,0
347+197,0,0,0
347+207,0,0,0
347+227,0,0,0
347+247,0,0,0
347+257,0,0,0
347+277,0,0,0
347+287,0,0,0
347+307,0,0,0
347+327,0,0,0
347+337,0,0,0
347+357,0,0,0
347+377,0,0,0
347+387,0,0,0
347+407,0,0,0
347+417,0,0,0
347+427,0,0,0
347+447,0,0,0
347+467,0,0,0
347+477,0,0,0
347+497,0,0,0
347+507,0,0,0
347+527,0,0,0
347+537,0,0,0
347+557,0,0,0
347+567,0,0,0
347+587,0,0,0
347+597,0,0,0
347+617,0,0,0
347+637,0,0,0
347+647,0,0,0
347+667,0,0,0
347+677,0,0,0
347+697,0,0,0
347+717,0,0,1
347+727,0,0,0
347+747,0,0,0
347+767,0,0,0
347+777,0,0,0
347+797,0,0,0
347+817,0,0,0
347+827,0,0,0
347+847,0,0,0
347+867,0,0,0
347+877,0,0,0
347+897,0,0,0
347+917,0,0,0
347+927,0,1,0
347+947,0,0,0
347+967,0,0,0
347+987,0,0,0
347+997,0,0,0
348+017,0,0,0
348+037,0,0,0
348+047,0,0,0
348+067,0,0,0
348+087,0,0,0
348+097,0,0,0
348+117,0,0,0
348+127,0,0,0
348+147,0,0,0
348+157,0,0,0
348+177,0,0,0
348+197,0,0,0
348+207,0,0,0
348+227,0,1,0
348+247,0,0,0
348+267,0,0,0
348+277,0,0,0
348+287,0,0,0
348+307,0,0,0
348+317,0,0,0
348+337,0,0,0
348+347,0,0,0
348+357,0,0,0
348+377,0,0,0
348+387,0,0,1
348+397,0,0,0
348+417,0,0,0
348+427,0,0,1
348+447,0,0,0
348+457,0,0,0
348+477,0,0,0
348+487,0,1,1
348+497,0,0,0
348+517,0,0,0
348+527,0,0,0
348+547,0,0,0
348+557,0,0,0
348+577,0,0,0
348+587,0,0,0
348+597,0,0,0
348+617,0,0,0
348+627,0,0,0
348+637,0,0,0
348+657,0,0,0
348+667,0,0,1
348+687,0,0,0
348+697,0,0,0
348+707,0,0,0
348+727,0,0,0
348+737,0,0,0
348+747,0,0,0
348+767,0,0,0
348+777,0,0,0
348+797,0,0,0
348+807,0,0,0
348+817,0,0,1
348+837,0,0,0
348+847,0,0,0
348+867,0,0,1
348+877,0,0,0
348+887,0,0,1
348+907,0,0,0
348+917,0,0,0
348+937,0,0,0
348+947,0,0,0
348+957,0,0,1
348+977,0,0,0
348+987,0,0,0
349+007,0,1,0
349+017,0,0,0
349+027,0,0,0
349+047,0,0,0
349+057,0,0,1
349+067,0,0,0
349+087,0,0,0
349+097,0,0,0
349+107,0,0,0
349+127,0,0,0
349+137,0,0,0
349+157,0,0,0
349+167,0,0,0
349+177,0,0,0
349+197,0,0,0
349+207,0,0,0
349+217,0,0,0
349+237,0,0,0
349+247,0,1,0
349+257,0,0,0
349+277,0,0,0
349+287,0,1,0
349+307,0,0,0
349+327,1,0,0
349+337,0,0,1
349+357,0,0,0
349+367,0,0,0
349+387,0,0,0
349+397,0,0,0
349+407,0,1,0
349+427,0,0,1
349+437,0,0,0
349+447,0,0,0
349+467,0,0,0
349+477,0,0,0
349+487,1,0,1
349+497,0,0,0
349+517,0,0,1
349+527,0,0,0
349+537,0,0,1
349+547,1,0,0
349+557,0,0,1
349+577,0,0,0
349+587,0,0,0
349+597,0,0,0
349+617,0,0,0
349+627,0,0,0
349+647,0,0,0
349+667,0,0,0
349+677,0,0,0
349+687,0,1,0
349+707,0,1,0
349+717,0,0,0
349+737,0,0,0
349+747,0,1,0
349+767,0,0,1
349+777,0,0,0
349+797,0,0,1
349+807,0,1,1
349+817,0,0,0
349+837,0,0,1
349+847,0,0,0
349+857,0,0,0
349+877,0,0,0
349+887,0,0,0
349+897,0,0,0
349+917,0,1,0
349+927,0,0,0
349+937,0,0,0
349+947,0,1,0
349+967,0,0,0
349+977,0,0,0
349+987,0,0,0
349+997,0,0,0
350+007,0,0,0
350+027,0,0,0
350+037,0,0,0
350+047,0,0,0
350+057,0,0,0
350+067,0,0,0
350+077,0,0,0
350+087,0,0,0
350+097,0,0,0
350+107,0,0,0
350+117,0,0,0
350+127,0,0,0
350+137,0,0,0
350+147,0,0,0
350+157,0,0,0
,1,0,0
350+167,0,0,0
350+177,0,1,0
350+187,0,1,0
350+197,0,0,0
,0,0,1
350+207,0,1,0
350+217,0,0,0
,0,0,0
350+227,0,0,0
,0,0,0
350+237,0,0,0
,0,0,0
,0,0,0
,0,0,0
350+247,0,0,0
,0,1,0
350+257,0,0,0
,0,0,0
350+267,0,0,0
,0,0,0
350+277,0,0,0
,0,0,0
350+287,0,0,0
350+297,0,0,0
350+307,0,0,0
,0,0,0
350+317,0,0,0
350+327,0,0,0
350+337,0,0,0
350+347,0,0,0
350+357,0,0,0
350+367,0,0,0
350+377,0,0,0
350+387,0,0,0
350+397,0,0,0
350+407,1,0,0
350+417,0,1,0
350+427,0,0,0
350+437,0,0,0
350+447,0,0,0
350+457,1,0,0
350+467,0,0,0
350+487,0,0,0
350+497,0,1,0
350+507,0,0,0
350+517,1,0,0
350+527,0,0,0
350+547,0,0,0
350+557,0,0,1
350+567,0,0,0
350+577,0,1,0
350+597,0,1,0
350+607,0,0,0
350+617,0,0,0
350+637,0,0,0
350+647,0,0,1
350+657,0,0,0
350+667,0,0,0
350+687,0,0,0
350+697,0,0,0
350+707,0,1,0
350+717,0,0,0
350+727,0,0,0
350+747,0,0,0
350+757,0,0,0
350+767,0,1,0
350+777,0,0,0
350+787,0,0,0
350+797,0,0,0
350+807,0,0,0
350+817,0,0,0
350+827,0,0,0
350+837,0,0,0
350+847,0,0,0
350+857,0,0,0
350+867,0,0,0
350+877,0,0,0
350+897,0,0,0
350+907,0,0,0
350+917,0,0,0
350+927,0,0,0
350+937,0,0,0
350+957,0,0,0
350+967,0,0,0
350+977,0,0,0
350+987,0,0,0
351+007,0,0,0
351+017,0,0,0
351+027,0,0,0
351+047,0,0,0
351+057,0,0,0
351+067,0,1,0
351+087,0,0,0
351+097,0,0,0
351+107,0,0,1
351+127,0,0,0
351+137,0,0,0
351+147,0,0,0
351+167,0,0,0
351+177,0,0,0
351+187,0,0,0
351+207,0,0,0
351+217,0,0,0
351+237,0,0,0
351+247,0,1,0
351+257,0,0,0
351+277,0,0,0
351+287,0,0,0
351+307,0,0,0
351+317,0,0,0
351+327,0,0,0
351+347,0,1,0
351+357,0,0,0
351+377,0,0,0
351+387,0,0,0
351+397,0,0,0
351+417,0,0,0
351+427,0,0,0
351+437,0,0,0
351+457,0,0,0
351+467,0,0,0
351+477,0,0,0
351+487,0,0,0
351+507,0,0,0
351+517,0,0,0
351+527,0,0,0
351+537,0,0,0
351+547,0,0,0
351+557,0,0,0
351+577,0,0,0
351+587,0,0,0
351+597,0,0,0
351+607,0,2,0
351+617,0,0,0
351+637,0,0,0
351+647,0,1,0
351+657,0,0,0
351+667,0,0,0
351+687,0,0,0
351+697,0,0,0
351+707,0,0,0
351+727,0,0,0
351+737,0,1,0
351+747,0,0,0
351+767,0,0,0
351+777,0,0,0
351+787,0,0,0
351+807,0,0,0
351+817,0,0,0
351+827,0,0,0
351+847,0,0,0
351+857,0,0,0
351+877,0,0,0
351+887,0,0,0
351+907,0,0,0
351+917,0,0,0
351+937,0,0,0
351+947,0,0,0
351+967,0,0,0
351+977,0,0,0
351+997,0,0,0
352+007,0,0,0
352+027,0,1,0
352+037,0,0,0
352+057,0,0,0
352+077,0,0,0
352+087,0,0,0
352+107,0,0,0
352+117,0,0,0
352+137,0,0,0
352+157,0,0,0
352+167,0,0,0
352+187,0,0,0
352+207,0,0,0
352+217,0,0,0
352+237,0,0,0
352+247,0,0,1
352+267,0,0,0
352+277,0,0,0
352+287,0,0,0
352+307,0,0,0
352+317,0,0,0
352+327,0,0,0
352+347,0,0,0
352+357,0,0,0
352+367,0,0,0
352+377,0,0,0
352+397,0,0,0
352+407,0,0,0
352+417,0,0,0
352+427,0,0,0
352+437,0,0,0
352+457,0,0,0
352+467,0,0,0
352+477,0,0,0
352+497,0,0,0
352+507,0,0,0
352+517,0,1,0
352+537,0,0,0
352+547,0,0,0
352+557,0,0,0
352+567,0,0,0
352+587,0,0,0
352+597,0,0,0
352+607,0,0,0
352+627,0,0,0
352+637,0,0,0
352+647,0,0,0
352+657,0,0,0
352+677,0,0,0
352+687,0,0,0
352+707,0,0,0
352+717,0,0,0
352+727,0,0,0
352+737,0,0,0
352+757,0,1,0
352+767,0,0,0
352+777,0,0,0
352+787,0,0,0
352+797,0,0,0
352+807,0,1,0
352+827,0,0,0
,0,0,0
352+847,0,1,0
352+857,0,0,0
352+867,0,1,0
352+877,0,0,0
352+887,0,1,0
352+897,0,0,0
352+907,0,1,0
352+917,0,0,0
352+937,0,0,0
352+947,0,0,0
352+957,0,0,0
352+967,2,0,0
352+987,0,0,0
352+997,0,0,0
353+007,0,0,0
353+017,0,1,0
353+037,0,0,0
353+047,0,0,0
353+057,0,0,0
353+067,0,0,0
353+087,0,1,0
353+097,0,0,0
353+117,0,1,0
353+127,0,2,0
353+147,0,0,0
353+157,0,1,0
353+167,0,1,0
353+187,0,0,0
353+197,0,0,0
353+217,0,1,0
353+227,0,1,0
353+247,0,1,0
353+257,0,0,0
353+277,0,0,0
353+287,0,2,0
353+307,0,0,0
353+317,0,1,0
353+337,0,0,0
353+347,0,0,0
353+367,0,2,0
353+377,0,0,0
353+397,0,0,0
353+417,0,0,0
353+427,0,0,0
353+447,0,0,0
353+467,0,0,0
353+477,0,0,0
353+497,0,1,0
353+517,0,0,0
353+527,0,0,0
353+547,0,0,0
353+567,0,0,0
353+587,0,0,0
353+597,0,0,0
353+617,0,0,0
353+637,0,1,0
353+657,0,0,0
353+677,0,0,0
353+697,0,0,0
353+707,0,0,1
353+727,0,0,0
353+747,0,0,0
353+767,0,0,0
353+787,0,1,0
353+807,0,1,0
353+827,0,0,0
353+847,0,0,0
353+857,0,0,0
353+877,0,0,0
353+897,0,0,0
353+907,0,0,1
353+927,0,0,0
353+937,1,0,0
353+957,0,0,0
353+977,0,0,0
353+987,0,0,0
353+997,0,0,0
354+017,1,0,0
354+027,0,0,0
354+037,0,0,0
354+057,0,0,0
354+067,0,0,0
354+087,0,0,0
354+097,0,0,0
354+107,1,0,0
354+127,0,0,0
354+137,0,0,0
354+147,0,0,0
354+167,0,0,0
354+177,0,0,0
354+187,0,0,0
354+207,0,0,0
354+217,0,0,1
354+237,0,0,0
354+247,0,0,0
354+267,0,0,0
354+277,0,2,0
354+287,0,0,0
354+307,0,0,0
354+317,0,0,0
354+327,0,0,0
354+347,0,1,0
354+357,0,0,0
354+377,0,0,0
354+387,0,0,0
354+397,0,0,0
354+407,0,0,0
354+427,0,1,0
354+437,0,0,0
354+447,0,0,0
354+467,0,0,0
354+477,0,0,0
354+497,0,0,0
354+507,0,0,1
354+527,0,0,0
354+537,0,0,0
354+557,0,0,0
354+567,0,0,0
354+587,0,0,0
354+597,0,0,0
354+617,0,0,0
354+627,0,0,0
354+647,0,0,0
354+657,0,0,0
354+677,0,0,0
354+687,0,0,0
354+707,0,0,0
354+727,0,0,0
354+737,0,0,0
354+757,0,0,0
354+767,0,0,0
354+787,0,0,0
354+797,0,0,0
354+817,0,0,0
354+837,0,0,0
354+847,0,0,0
354+867,0,0,0
354+887,0,0,0
354+897,0,0,0
354+917,0,0,0
354+937,0,0,0
354+957,0,0,0
354+967,0,0,0
354+987,0,0,0
355+007,0,0,0
355+017,0,0,0
355+037,0,0,0
355+047,0,0,0
355+067,0,0,0
355+087,0,1,0
355+097,0,0,0
355+117,0,0,0
355+127,0,0,0
355+137,0,0,0
355+157,0,0,0
355+167,0,0,0
355+187,0,0,0
355+197,0,0,0
355+217,0,0,0
355+227,0,0,0
355+237,0,0,0
355+257,1,0,0
355+267,0,0,0
355+277,0,0,0
355+297,0,0,0
355+307,0,0,0
355+317,0,0,0
355+337,0,0,0
355+347,0,0,0
355+357,0,0,0
355+377,0,0,0
355+387,0,0,0
355+397,0,0,0
355+417,0,0,0
355+427,0,0,0
355+437,0,0,0
355+457,0,0,0
355+467,0,0,0
355+477,0,1,0
355+487,0,0,0
355+507,0,0,0
355+517,0,0,0
355+527,0,0,0
355+547,0,0,0
355+557,0,1,0
355+567,0,0,0
355+587,0,1,0
355+597,0,1,0
355+617,0,0,0
355+627,0,1,0
355+647,0,0,0
355+657,0,0,0
355+667,0,1,0
355+687,0,1,0
355+697,0,0,0
355+717,0,0,0
355+727,0,1,0
355+737,0,1,0
355+747,0,0,0
355+767,0,1,0
355+777,0,0,0
355+787,0,0,0
355+797,0,1,0
355+817,0,0,0
355+827,0,0,0
355+847,0,1,0
355+857,0,0,0
355+877,0,0,0
355+887,0,0,0
355+897,0,0,0
355+917,0,0,0
355+927,0,0,0
355+937,0,0,0
355+947,0,0,0
355+967,0,0,0
355+977,0,0,0
355+997,0,0,0
356+007,0,0,0
356+017,0,0,0
356+037,0,0,0
356+047,0,0,0
356+057,0,0,0
356+077,0,0,0
356+087,0,0,0
356+097,0,0,1
356+117,0,0,0
356+127,0,0,0
356+137,0,0,0
356+157,0,0,0
356+167,0,0,0
356+187,0,0,0
356+197,0,0,0
356+207,0,0,0
356+217,0,0,0
356+237,0,0,0
356+247,0,0,0
356+267,0,0,0
356+277,0,0,0
356+287,0,0,0
356+297,0,0,0
356+317,0,0,0
356+327,0,0,1
356+337,1,0,0
356+357,0,0,0
356+367,0,1,0
356+377,0,0,0
356+397,0,0,0
356+407,0,0,0
356+427,0,0,0
356+437,0,0,0
356+447,0,0,0
356+467,0,0,0
356+477,0,0,0
356+497,0,0,1
356+507,0,0,0
356+517,0,0,0
356+537,0,0,0
356+547,0,0,0
356+557,0,0,0
356+577,0,0,0
356+587,0,0,0
356+597,0,0,1
356+607,0,0,0
356+627,0,0,0
356+637,0,0,0
356+647,0,0,0
356+657,0,0,0
356+667,0,0,0
356+677,0,0,0
356+697,0,0,0
356+707,1,0,0
356+717,0,1,0
356+727,0,0,0
356+737,0,0,1
356+747,0,0,0
356+757,0,0,0
356+777,0,0,0
356+787,0,0,0
356+797,0,0,0
356+817,0,0,0
356+827,0,0,0
356+837,0,0,0
356+847,0,0,0
356+867,0,0,0
356+877,0,0,0
356+887,0,0,0
356+907,0,0,0
356+917,0,0,0
356+927,0,0,0
356+947,0,0,1
356+957,0,0,0
356+967,0,0,0
356+987,0,0,0
356+997,0,0,0
357+017,0,0,0
357+027,0,0,0
357+037,0,0,0
357+057,0,0,0
357+067,0,0,0
357+087,0,0,0
357+097,0,0,0
357+117,0,0,0
357+127,0,0,0
357+147,0,0,0
357+157,0,0,0
357+167,0,0,0
357+187,0,0,0
357+197,0,0,0
357+217,0,0,0
357+227,0,0,0
357+247,0,0,0
357+257,0,0,0
357+267,0,0,0
357+287,0,0,0
357+297,0,0,0
357+317,0,0,0
357+327,0,2,0
357+347,0,0,0
357+357,0,0,0
357+367,0,0,0
357+387,0,0,0
357+397,0,1,0
357+407,0,0,0
357+417,0,0,0
357+437,0,0,0
357+447,0,0,0
357+457,0,0,0
357+467,0,1,0
357+477,0,0,0
357+497,0,0,0
357+507,0,0,0
357+517,0,1,0
357+527,0,0,0
357+547,0,0,0
357+557,0,0,0
357+567,0,1,0
357+577,0,0,0
357+597,0,0,0
357+607,0,0,0
357+617,0,0,0
357+637,0,1,0
357+647,0,0,0
357+667,0,0,0
357+677,0,1,0
357+687,0,0,0
357+707,0,0,0
357+717,0,0,0
357+737,0,1,0
357+747,1,0,0
357+767,0,0,0
357+777,0,0,0
357+797,0,0,0
357+807,0,1,0
357+827,0,0,0
357+847,0,0,0
357+857,0,0,0
357+877,0,1,0
357+887,0,0,0
357+907,0,0,0
357+927,0,0,0
357+937,0,0,0
357+957,0,0,0
357+977,0,0,0
357+987,0,0,0
358+007,0,0,0
358+027,0,0,0
358+037,0,0,0
358+057,0,0,0
358+077,0,0,0
358+087,0,0,0
358+107,0,0,0
358+127,0,0,0
358+137,0,0,0
358+157,0,0,0
358+177,0,0,0
358+187,0,0,0
358+207,0,0,0
358+217,0,0,0
358+237,0,0,0
358+257,0,0,0
358+267,0,0,0
358+287,0,0,0
358+297,0,0,0
358+317,0,0,0
358+337,0,0,0
358+347,0,0,0
358+367,0,0,0
358+387,0,0,0
358+397,0,0,0
358+407,0,0,0
358+427,0,0,0
358+437,0,0,0
358+457,0,0,0
358+467,0,0,0
358+487,0,0,0
358+497,0,0,0
358+517,0,0,0
358+527,0,0,1
358+537,0,0,0
358+557,0,0,0
358+567,0,0,0
358+587,0,0,0
358+597,0,0,0
358+617,0,0,0
358+627,0,0,0
358+647,0,0,0
358+667,1,0,0
358+677,0,0,0
358+697,0,0,0
358+707,0,0,1
358+727,0,0,0
358+747,0,0,0
358+767,0,0,0
358+777,0,0,0
358+797,0,0,0
358+817,0,0,0
358+837,0,0,0
358+857,0,0,0
358+867,0,0,0
358+887,0,0,0
358+907,0,0,1
358+927,0,0,0
358+947,0,0,0
358+967,0,0,0
358+987,0,0,0
359+007,0,0,0
359+027,0,0,0
359+047,0,0,0
359+067,0,0,0
359+077,0,0,0
359+097,0,0,0
359+117,0,0,0
359+127,0,0,0
359+147,0,0,0
359+157,0,0,0
359+177,0,0,0
359+187,0,0,0
359+207,0,0,0
359+217,0,0,0
359+227,0,0,0
359+237,0,0,0
359+257,0,0,0
359+267,0,0,0
359+287,0,0,0
359+297,0,0,0
359+307,0,1,0
359+327,0,0,0
359+337,0,0,0
359+347,0,0,0
359+367,0,0,0
359+377,0,0,0
359+387,0,0,0
359+407,0,0,0
359+417,0,0,0
359+427,0,0,0
359+437,0,0,0
359+447,0,0,0
359+457,0,0,0
359+467,0,0,0
359+487,0,0,0
359+497,0,0,0
359+507,0,0,0
359+517,0,0,0
359+527,0,0,0
359+547,0,0,0
359+557,0,0,0
359+567,0,0,0
359+577,0,0,0
359+587,0,0,0
359+607,0,0,0
359+617,0,0,0
359+627,0,0,0
359+637,0,0,0
359+657,0,0,0
359+667,0,0,0
359+687,0,0,0
359+697,0,0,0
359+717,0,0,0
359+727,0,0,0
359+737,0,0,0
359+757,0,0,0
359+767,0,0,0
359+787,0,0,0
359+797,0,0,0
359+807,1,0,0
359+827,0,0,0
359+837,0,0,0
359+857,0,0,0
359+867,0,0,0
359+887,1,0,0
359+897,0,0,0
359+917,0,0,0
359+937,0,0,0
359+947,0,0,0
359+967,0,0,0
359+987,0,0,0
359+997,0,0,0
360+017,1,1,0
360+037,0,1,0
360+047,0,0,0
360+067,0,0,0
360+087,0,0,0
360+097,0,0,0
360+117,0,0,0
360+137,0,1,0
360+147,0,0,0
360+167,0,0,0
360+187,0,0,0
360+197,0,0,0
360+217,0,1,0
360+227,0,0,0
360+247,0,0,0
360+257,0,1,0
360+277,0,0,0
360+287,0,0,0
360+307,0,0,0
360+327,0,0,0
360+337,0,0,0
360+357,0,0,0
360+377,0,0,0
360+397,0,0,0
360+407,0,0,0
360+427,0,0,0
360+447,0,0,0
360+457,0,0,0
360+477,0,0,0
360+497,0,0,0
360+517,0,1,0
360+527,0,0,0
360+547,0,0,0
360+567,0,0,0
360+577,0,0,0
360+597,0,0,0
360+617,0,0,1
360+637,0,0,0
360+647,0,0,0
360+667,0,0,0
360+687,0,0,0
360+707,0,1,0
360+717,0,0,0
360+737,0,0,0
360+757,0,0,0
360+767,0,0,0
360+787,0,0,0
360+797,0,0,0
360+807,0,0,0
360+827,0,0,0
360+837,0,0,0
360+857,0,0,0
360+867,0,0,0
360+877,0,0,0
360+897,0,0,0
360+907,0,0,0
360+927,0,0,0
360+937,0,0,0
360+957,0,0,0
360+967,0,0,0
360+987,0,0,0
360+997,0,0,0
361+017,0,0,0
361+037,0,0,0
361+047,0,0,0
361+067,0,0,0
361+087,0,0,0
361+107,0,0,0
361+117,0,1,0
361+137,0,0,0
361+157,0,0,0
361+177,0,0,0
361+197,0,0,0
361+217,0,0,0
361+227,0,0,0
361+247,0,0,0
361+267,0,0,0
361+287,0,0,0
361+307,0,0,0
361+327,0,0,0
361+347,0,0,0
361+367,0,0,0
361+377,0,0,0
361+397,0,0,0
361+417,0,0,0
361+437,0,0,0
361+457,0,0,0
361+467,0,0,0
361+487,0,0,0
361+507,0,0,0
361+527,0,0,0
361+547,0,0,0
361+557,0,0,0
361+577,0,0,0
361+597,0,0,0
361+617,0,0,0
361+637,0,0,0
361+647,0,0,0
361+667,0,0,0
361+687,0,0,0
361+707,0,0,0
361+717,0,0,0
361+737,0,0,0
361+757,0,0,0
361+777,0,0,0
361+787,0,0,0
361+807,0,0,0
361+827,0,0,0
361+847,0,0,0
361+857,0,0,0
361+877,0,0,0
361+897,0,0,0
361+907,0,0,0
361+927,0,0,0
361+947,0,0,0
361+967,0,0,0
361+977,0,1,0
361+997,0,0,0
362+017,0,0,0
362+027,0,0,0
362+047,0,0,0
362+057,0,0,0
362+077,0,0,0
362+097,0,0,0
362+107,0,0,0
362+127,0,0,0
362+147,0,0,0
362+157,0,0,0
362+177,0,0,0
362+197,0,0,0
362+207,0,0,0
362+227,0,0,0
362+237,0,0,0
362+257,0,0,0
362+277,0,0,0
362+287,0,0,0
362+307,0,0,1
362+317,0,0,0
362+337,0,0,0
362+357,0,0,0
362+367,0,0,0
362+387,0,1,0
362+397,0,0,0
362+417,0,1,0
362+437,0,0,0
362+447,0,0,0
362+467,0,0,0
362+477,0,0,0
362+497,0,0,0
362+507,0,0,0
362+527,0,0,0
362+537,0,0,1
362+557,0,0,0
362+577,0,0,0
362+587,0,0,0
362+607,0,0,0
362+617,0,0,0
362+637,0,0,0
362+657,0,0,0
362+667,0,0,0
362+687,0,0,0
362+707,0,0,0
362+727,0,1,0
362+737,0,0,0
362+757,0,1,0
362+777,0,0,0
362+787,0,0,0
362+807,0,0,0
362+827,0,0,0
362+837,0,0,0
362+857,0,0,0
362+877,0,0,0
362+887,0,0,0
362+907,0,0,0
362+917,0,0,0
362+937,0,0,0
362+957,0,0,0
362+967,0,0,0
362+987,0,0,0
362+997,0,0,0
363+017,0,0,0
363+027,0,0,0
363+047,0,0,0
363+057,0,0,0
363+077,0,0,0
363+097,0,0,0
363+107,0,0,0
363+127,0,0,0
363+147,0,0,0
363+157,0,0,0
363+177,0,0,0
363+187,0,0,0
363+197,0,0,0
363+217,1,0,0
363+227,0,0,0
363+247,0,0,0
363+257,0,0,0
363+277,0,0,0
363+297,0,0,1
363+307,0,0,0
363+327,0,0,0
363+337,0,0,0
363+357,0,0,0
363+367,0,0,1
363+387,0,0,0
363+397,1,0,1
363+417,0,0,0
363+427,0,0,0
363+437,0,0,0
363+457,0,0,0
363+467,0,1,0
363+477,0,0,0
363+497,0,0,0
363+507,0,0,0
363+517,0,0,0
363+537,0,0,0
363+547,0,1,0
363+557,0,2,0
363+567,0,0,0
363+577,0,1,0
363+587,0,0,0
363+597,0,0,0
363+607,0,0,0
363+617,0,0,0
363+627,0,0,0
363+637,0,0,0
363+647,0,0,0
363+657,0,0,0
363+667,0,0,0
363+677,0,0,0
,1,0,0
363+687,0,0,0
363+697,0,0,0
,0,0,0
363+707,0,0,0
,0,0,0
,0,0,0
,0,0,0
363+717,0,0,0
,0,0,0
363+727,0,0,0
,0,0,0
363+737,0,2,0
,0,0,0
363+747,0,0,0
,0,0,0
363+757,0,0,0
,0,0,0
363+767,0,1,0
363+777,0,0,0
363+787,0,0,0
,0,0,0
363+797,0,0,0
363+807,0,0,0
,0,0,0
363+817,0,0,0
363+827,0,0,0
,0,0,0
363+837,0,0,0
,0,0,0
363+847,0,0,0
,0,0,0
363+857,0,0,0
,0,0,0
363+867,0,0,0
,0,1,0
,0,0,0
363+877,0,0,0
,0,0,0
363+887,0,0,0
,0,0,0
363+897,1,0,0
,0,0,0
363+907,0,0,0
363+917,0,0,0
363+927,0,0,0
363+937,0,0,0
,0,0,0
363+947,0,1,0
363+957,0,0,0
363+967,0,0,0
363+977,1,0,0
363+987,0,0,0
363+997,0,0,0
364+007,0,0,0
364+017,0,0,0
364+037,0,0,0
364+047,0,1,0
364+057,0,0,0
364+067,0,1,0
364+077,0,0,0
364+087,0,0,0
364+107,0,0,0
364+117,0,1,0
364+127,0,0,0
364+137,0,0,0
364+147,0,0,0
364+167,0,0,0
364+177,0,0,0
364+187,0,0,0
364+197,0,0,0
364+217,0,0,0
364+227,0,0,0
364+237,0,0,0
364+247,0,0,0
364+257,0,0,0
364+267,0,0,0
,0,0,0
364+277,0,0,0
,0,0,0
364+287,0,0,0
,0,1,0
364+297,0,0,0
,0,0,0
364+307,0,0,0
,0,0,0
,0,0,0
,0,0,0
364+317,0,0,0
,0,0,0
,0,0,0
364+327,0,0,0
,0,0,0
364+337,0,0,0
364+347,0,0,0
,0,0,0
364+357,0,0,0
364+367,0,0,0
364+377,0,0,0
364+387,0,0,0
,0,0,0
364+407,0,0,0
364+417,0,1,0
364+427,0,0,0
364+437,0,0,0
364+447,0,0,0
364+457,1,0,0
364+467,0,0,0
364+477,0,0,0
364+497,0,0,0
364+507,0,0,0
364+517,0,0,0
364+537,0,0,0
364+547,0,0,0
364+557,0,0,0
364+567,0,0,0
364+587,0,0,0
364+597,0,0,0
364+607,0,1,0
364+627,0,0,0
364+637,0,0,0
364+647,1,0,0
364+667,0,0,0
364+677,0,1,0
364+697,0,0,0
364+707,0,0,0
364+727,0,0,0
364+737,1,0,0
364+757,0,0,0
364+767,0,0,0
364+777,0,0,0
364+797,1,1,0
364+807,0,1,0
364+827,0,0,0
364+837,0,1,0
364+857,0,0,0
364+867,0,0,0
364+877,0,0,0
364+887,0,0,0
364+907,0,0,0
364+917,0,0,0
364+927,0,1,0
364+947,0,0,0
364+957,0,0,0
364+967,0,0,0
364+987,0,0,0
364+997,0,0,0
365+007,0,0,0
365+027,0,0,0
365+037,0,1,0
365+057,0,0,0
365+077,0,0,0
365+087,0,0,0
365+107,0,0,1
365+117,0,0,0
365+137,0,0,0
365+157,0,0,0
365+167,0,0,0
365+187,0,0,0
365+207,0,1,0
365+217,0,0,0
365+237,0,0,0
365+247,0,0,0
365+267,0,0,0
365+287,0,0,0
365+297,0,0,0
365+317,0,0,0
365+327,0,0,0
365+347,0,1,0
365+357,0,0,0
365+377,0,0,0
365+387,0,0,0
365+397,0,0,0
365+417,0,0,0
365+427,0,0,0
365+447,0,0,0
365+457,0,0,0
365+467,0,0,0
365+487,0,0,0
365+497,0,0,0
365+517,0,0,0
365+527,0,0,0
365+537,0,0,0
365+557,0,0,0
365+567,0,0,0
365+587,0,0,0
365+597,0,0,0
365+617,0,0,0
365+627,0,0,0
365+647,0,0,0
365+657,0,0,0
365+677,0,0,0
365+687,0,0,0
365+707,1,0,0
365+717,0,0,0
365+737,0,0,0
365+747,0,0,0
365+767,0,0,0
365+787,0,0,0
365+797,1,0,0
365+817,0,0,0
365+827,0,0,0
365+847,0,0,0
365+867,0,0,0
365+877,0,1,0
365+897,0,0,0
365+907,0,1,0
365+927,0,0,0
365+937,0,1,0
365+957,0,1,0
365+967,0,0,0
365+987,0,1,0
365+997,0,1,0
366+017,1,0,0
366+037,0,1,0
366+057,0,0,0
366+067,0,0,0
366+087,0,0,0
366+107,0,0,0
366+117,0,0,0
366+137,0,2,0
366+157,0,1,0
366+167,0,0,0
366+187,0,0,0
366+197,0,1,0
366+217,0,0,0
366+227,0,1,0
366+237,0,0,0
366+257,0,0,1
366+267,0,2,0
366+287,0,0,0
366+297,0,1,0
366+307,0,0,0
366+327,0,1,0
366+337,0,0,0
366+347,0,1,0
366+367,0,1,0
366+377,0,0,0
366+397,0,0,0
366+407,0,0,0
366+427,0,0,0
366+437,0,0,0
366+457,0,0,0
366+477,0,0,0
366+487,0,0,0
366+507,0,0,0
366+517,0,0,0
366+537,0,0,0
366+547,0,0,0
366+557,0,0,0
366+577,0,0,0
366+587,0,0,0
366+607,0,0,0
366+617,0,0,0
366+637,0,0,0
366+647,0,0,0
366+657,0,1,0
366+677,0,0,0
366+687,0,0,0
366+707,0,0,0
366+717,0,0,0
366+737,0,0,1
366+747,0,0,0
366+757,0,0,0
366+777,0,0,0
366+787,0,0,0
366+807,0,0,0
366+817,0,0,0
366+827,1,0,0
366+847,0,0,0
366+857,0,0,0
366+867,0,0,0
366+877,0,0,0
366+897,0,0,0
366+907,0,0,0
366+927,0,0,0
366+937,1,0,0
366+957,0,0,0
366+967,0,0,0
366+977,0,0,0
366+997,0,0,0
367+007,0,0,0
367+027,0,0,0
367+037,0,0,0
367+047,0,0,0
367+067,0,0,0
367+077,0,0,0
367+097,0,0,0
367+107,1,0,0
367+127,0,0,0
367+137,0,0,0
367+157,0,0,0
367+167,0,0,0
367+187,0,1,0
367+197,0,0,0
367+217,0,0,0
367+227,0,0,0
367+247,0,0,0
367+257,0,0,0
367+277,0,0,0
367+287,0,0,0
367+307,0,0,0
367+317,0,0,0
367+337,0,0,0
367+347,0,0,0
367+367,0,0,0
367+377,0,0,0
367+397,0,0,0
367+407,0,0,0
367+427,0,0,0
367+437,0,0,0
367+457,0,0,0
367+467,0,0,0
367+487,0,0,0
367+497,0,0,0
367+517,0,0,0
367+527,0,0,0
367+547,0,0,0
367+557,0,0,0
367+577,0,0,0
367+587,0,1,0
367+607,0,0,0
367+617,0,0,0
367+637,0,0,0
367+647,0,0,0
367+667,0,0,0
367+677,0,0,0
367+697,0,0,0
367+707,0,0,0
367+727,0,0,0
367+747,0,0,0
367+757,0,0,0
367+777,0,0,0
367+787,0,0,0
367+797,0,0,0
367+817,0,0,0
367+827,0,0,0
367+847,0,0,0
367+857,0,0,0
367+877,0,0,0
,0,0,0
367+897,0,0,0
367+907,0,0,0
367+927,0,0,0
367+947,0,0,0
367+967,0,1,0
367+987,0,0,0
367+997,0,0,0
368+017,0,0,0
368+037,0,0,0
368+057,0,0,0
368+067,1,0,0
368+097,0,0,0
368+117,0,0,0
368+127,0,0,0
368+147,0,0,0
368+157,0,0,0
368+177,0,0,0
368+197,0,0,0
368+217,0,0,0
368+237,0,0,1
368+247,0,1,0
368+267,1,0,0
368+287,0,0,0
368+307,0,0,0
368+317,0,0,0
368+337,0,0,0
368+357,0,0,0
368+367,0,0,0
368+387,0,0,0
368+407,0,0,0
368+417,0,0,0
368+437,0,0,0
368+457,0,0,0
368+467,0,0,0
368+487,0,0,0
368+497,0,0,0
368+517,0,0,0
368+527,0,0,0
368+547,0,0,0
368+557,0,0,0
368+567,0,0,0
368+587,0,0,0
368+597,0,0,0
368+607,0,0,0
368+627,0,0,0
368+647,0,0,0
368+657,0,0,0
368+667,0,0,0
368+687,0,0,0
368+707,0,0,0
368+717,0,0,0
368+727,0,0,0
368+747,1,0,0
368+757,0,0,0
368+777,0,0,0
368+787,0,0,0
368+807,0,0,0
368+817,0,0,0
368+837,0,0,1
368+857,0,0,0
368+867,0,0,0
368+887,0,0,0
368+897,0,0,0
368+917,0,0,0
368+937,0,0,0
368+947,0,0,1
368+967,0,0,1
368+987,0,0,0
369+007,0,1,0
369+027,0,1,0
369+037,0,0,0
369+057,0,0,0
369+077,0,0,0
369+097,0,0,0
369+107,0,0,0
369+127,0,0,0
369+137,0,0,0
369+157,0,0,0
369+177,0,0,0
369+187,0,0,1
369+207,0,0,0
369+217,0,0,0
369+237,0,0,0
369+257,0,0,0
369+267,0,1,0
369+287,0,0,0
369+307,0,0,0
369+317,0,0,0
369+337,1,0,0
369+357,0,0,0
369+367,0,1,0
369+387,0,0,0
369+407,0,0,0
369+427,0,0,0
369+437,0,0,0
369+457,0,0,0
369+477,0,0,0
369+497,0,0,0
369+507,0,0,0
369+527,0,1,0
369+547,0,0,0
369+557,0,0,0
369+567,0,0,0
369+577,0,0,0
369+597,0,0,0
,0,0,0
369+607,0,0,0
,0,0,0
,0,0,0
369+617,0,0,0
,0,0,0
369+627,0,0,0
,0,1,0
,0,0,0
,0,0,0
369+637,0,0,0
,0,0,0
,0,1,0
369+647,0,0,0
369+657,0,1,0
,0,1,0
369+667,0,0,0
369+677,0,0,0
369+687,0,1,0
,0,0,0
369+697,0,1,0
369+707,0,0,0
369+717,0,1,0
369+727,0,0,0
369+737,0,1,0
369+747,0,0,0
369+757,0,0,0
369+767,0,0,0
369+777,0,1,0
369+787,0,0,0
369+797,0,0,0
369+807,0,0,0
369+827,0,0,0
369+837,0,0,0
369+847,0,0,0
369+857,0,0,0
369+877,0,0,0
369+887,0,0,0
369+897,0,1,0
369+907,0,0,0
369+927,0,0,0
369+937,0,0,0
369+947,0,0,0
369+967,0,0,0
369+977,0,0,0
369+997,0,0,0
370+007,0,0,0
370+017,0,0,0
370+037,0,1,0
370+047,1,0,0
370+057,0,0,0
370+077,0,0,0
370+087,0,0,2
370+097,0,0,0
370+117,0,0,0
370+127,0,0,0
370+137,0,0,0
370+147,0,0,0
370+167,0,0,0
370+177,0,0,0
370+197,0,0,0
370+207,0,1,0
370+217,0,0,1
370+237,0,0,0
370+247,0,0,0
370+267,1,0,0
370+277,0,0,0
370+297,1,0,0
370+307,0,0,0
370+327,0,0,0
370+347,0,0,0
370+357,0,0,0
370+377,0,0,0
370+397,0,0,0
370+407,1,0,0
370+427,0,0,0
370+447,0,0,0
370+457,0,0,0
370+477,0,0,0
370+497,0,0,0
370+507,0,0,0
370+527,0,0,0
370+547,0,0,1
370+557,0,0,0
370+577,0,1,0
370+587,0,0,0
370+607,0,0,0
370+627,0,0,0
370+637,1,0,0
370+657,0,0,0
370+677,0,0,0
370+687,0,1,0
370+707,0,0,0
370+717,0,0,0
370+737,0,0,0
370+757,0,0,0
370+767,0,0,0
370+787,0,0,0
370+797,0,0,0
370+817,0,0,0
370+827,0,0,0
370+837,0,0,1
370+857,0,0,0
370+867,1,0,0
370+887,0,0,1
370+897,0,0,0
370+907,0,1,0
370+917,0,0,0
370+937,0,0,0
370+947,0,0,0
370+967,0,0,0
370+977,0,1,0
370+987,0,0,0
371+007,0,0,0
371+017,0,1,0
371+027,0,0,0
371+037,1,1,0
371+057,0,0,0
371+067,0,0,0
371+077,0,0,0
371+097,0,0,0
371+107,0,0,0
371+127,0,0,0
371+137,0,0,0
371+147,0,0,0
371+167,0,0,0
371+177,0,0,0
371+197,0,0,0
371+207,0,0,0
371+217,0,0,0
371+237,0,1,0
371+247,0,0,0
371+267,0,0,0
371+277,0,0,0
371+287,0,0,0
371+307,0,0,0
371+317,0,0,0
371+337,0,0,0
371+347,0,0,0
371+367,0,0,0
371+377,0,1,0
371+397,0,0,0
371+407,0,0,0
371+427,0,0,0
371+447,0,1,0
371+457,1,0,0
371+477,0,0,0
371+497,0,0,0
371+507,0,0,0
371+527,1,0,0
371+547,0,0,0
371+567,0,0,0
371+577,0,0,0
371+597,0,0,0
371+607,1,0,0
371+627,0,0,1
371+647,0,0,0
371+657,0,1,0
371+677,0,0,0
371+687,0,0,0
371+707,0,0,0
371+717,0,0,0
371+737,0,0,0
371+747,0,1,0
371+767,1,0,0
371+777,1,0,0
371+797,0,0,0
371+807,0,0,0
371+827,0,0,0
371+847,0,0,0
371+857,0,0,0
371+877,0,0,0
371+897,0,0,0
371+907,0,0,0
371+927,0,0,0
371+947,0,0,0
371+957,0,0,0
371+977,0,0,0
371+997,0,1,0
372+017,0,0,0
372+027,0,0,0
372+047,0,0,0
372+067,0,0,0
372+087,0,0,0
372+097,0,0,0
372+117,0,0,0
372+137,0,1,0
372+157,0,0,0
372+167,0,0,0
372+187,0,0,0
372+207,1,0,0
372+227,0,0,0
372+247,0,0,0
372+267,1,0,0
372+287,0,0,0
372+307,0,0,0
372+327,0,0,0
372+347,0,0,0
372+367,0,0,0
372+387,0,0,0
372+407,0,0,0
372+427,0,0,0
372+447,0,0,0
372+467,0,0,0
372+487,0,0,0
372+507,0,0,0
372+527,0,0,0
372+547,0,0,1
372+567,0,0,0
372+587,0,0,0
372+607,0,0,0
372+627,0,0,0
372+647,0,0,0
372+667,0,0,0
372+687,0,0,0
372+707,0,0,0
372+727,0,0,0
372+747,1,0,0
372+767,0,0,0
372+787,0,0,0
372+807,0,0,0
372+827,0,0,0
372+847,0,0,1
372+867,0,0,0
372+887,0,0,0
372+907,0,0,0
372+927,0,0,0
372+947,0,0,0
372+967,0,0,0
372+977,0,0,0
372+997,0,0,0
373+017,0,1,0
373+037,0,1,0
373+057,0,0,0
373+077,0,0,0
373+097,0,0,0
373+117,0,0,0
373+137,0,0,0
373+157,0,0,0
373+167,0,0,0
373+187,0,0,0
373+207,0,0,0
373+227,0,0,0
373+247,0,0,0
373+267,0,0,0
373+287,0,0,0
373+307,0,0,0
373+327,0,0,0
373+347,0,0,0
373+367,0,0,0
373+387,0,0,0
373+407,0,0,0
373+417,0,0,0
373+437,0,0,0
373+457,0,0,0
373+477,0,0,0
373+497,0,0,0
373+517,0,0,0
373+537,0,0,0
373+557,0,0,0
373+577,0,0,0
373+597,0,1,0
373+617,0,0,0
373+627,0,0,0
373+647,0,0,0
373+667,0,0,0
373+687,0,0,0
373+707,0,0,0
373+727,0,0,0
373+747,0,0,0
373+767,0,0,0
373+787,0,1,0
373+807,0,0,0
373+827,0,0,0
373+847,0,0,1
373+867,0,0,0
373+877,0,0,1
373+897,0,0,0
373+917,1,0,0
373+937,0,0,0
373+957,0,0,0
373+967,0,0,0
373+987,0,0,0
374+007,0,0,0
374+027,0,0,0
374+037,0,0,0
374+057,0,1,0
374+077,0,0,0
374+097,0,1,1
374+117,0,1,0
374+137,0,1,0
374+157,0,0,0
374+167,0,0,0
374+187,0,0,0
374+207,0,0,0
374+227,0,0,0
374+247,0,0,0
374+257,0,0,0
374+277,0,1,0
374+297,0,0,0
374+317,0,0,0
374+327,0,0,0
374+347,0,0,0
374+367,0,0,0
374+387,0,0,0
374+407,0,0,0
374+427,0,0,0
374+437,0,0,0
374+457,0,0,0
374+477,0,0,1
374+497,0,0,0
374+517,0,0,0
374+537,0,1,0
374+557,0,0,0
374+577,0,0,0
374+587,0,0,0
374+607,0,0,0
374+627,0,0,0
374+647,0,0,0
374+667,1,0,0
374+687,0,0,0
374+707,0,0,0
374+727,0,0,0
374+737,0,0,0
374+757,0,0,0
374+777,0,0,0
374+797,0,0,0
374+807,0,0,0
374+827,0,0,0
374+837,0,0,0
374+857,0,0,0
374+877,0,0,0
374+887,0,0,0
