Chainage,Shrub count
313+507,5
,4
313+517,6
313+537,6
313+547,11
313+567,10
313+577,8
313+597,7
313+607,6
313+627,6
313+637,4
313+657,6
313+667,8
313+687,5
313+697,4
313+707,3
313+727,5
313+737,5
313+747,5
313+767,6
313+777,4
313+797,5
313+807,1
313+817,3
313+837,3
313+847,7
313+867,3
313+877,5
313+897,4
313+907,5
313+927,3
313+937,4
313+947,3
,3
313+957,0
,2
,2
,7
,4
,1
,1
313+967,0
,2
,3
,5
,3
313+977,2
,1
,2
313+987,1
,1
,2
313+997,2
314+007,3
,6
314+017,3
,5
314+027,2
314+037,3
314+047,2
314+057,2
,2
314+067,5
314+077,3
314+087,2
314+097,2
314+107,3
314+117,3
314+137,4
314+147,4
314+157,3
314+167,4
314+177,6
314+187,2
314+197,0
314+217,0
314+227,0
314+237,2
314+247,1
314+257,0
314+267,2
314+287,2
314+297,0
314+307,2
314+317,0
314+327,0
314+347,1
,0
314+357,0
314+377,2
314+387,5
314+397,4
314+407,4
314+417,4
314+427,2
314+437,3
314+447,5
314+457,3
314+467,6
314+477,1
314+487,4
314+497,1
314+507,4
314+527,5
314+537,6
314+547,4
314+557,4
314+567,4
314+577,3
314+587,4
314+597,4
314+607,4
314+627,4
314+637,3
314+647,5
314+657,3
314+667,4
314+677,4
314+697,3
314+707,5
314+717,4
314+727,3
314+737,4
314+757,4
314+767,7
314+777,3
314+787,3
314+797,4
314+817,4
314+827,4
314+837,4
314+847,3
314+867,3
314+877,4
314+887,4
314+897,3
314+907,4
314+927,3
314+937,4
314+947,3
314+957,5
314+977,3
314+987,4
314+997,3
315+017,6
315+027,3
315+037,5
315+057,4
315+067,3
315+077,4
315+097,3
315+107,3
315+127,5
315+137,5
315+157,5
315+167,5
315+177,4
315+197,2
315+207,6
315+227,4
315+237,6
315+257,6
315+267,3
315+287,4
315+307,4
315+317,4
315+337,2
315+347,0
315+367,5
315+377,4
315+397,7
315+407,6
315+427,5
315+437,5
315+457,5
315+467,3
315+487,4
315+507,4
315+517,5
315+537,5
315+547,5
315+567,3
315+577,6
315+597,4
315+617,2
315+627,2
315+647,6
315+657,2
315+677,5
315+697,5
315+707,5
315+727,4
315+747,5
315+757,7
315+777,4
315+787,4
315+807,3
315+817,4
315+837,2
315+847,3
315+867,3
315+877,6
315+897,3
315+907,4
315+927,4
315+937,4
315+957,7
315+967,4
315+987,8
315+997,4
316+007,7
316+027,5
316+037,5
316+057,5
316+067,5
316+087,1
316+097,4
316+117,3
316+127,5
316+147,4
316+157,2
316+177,0
316+187,0
316+207,0
316+227,0
316+237,0
316+257,0
316+277,0
316+287,0
316+307,0
316+317,0
316+337,0
316+357,0
316+367,0
316+387,0
316+397,0
316+417,0
316+437,0
316+447,1
316+467,0
316+477,0
316+497,1
316+507,2
316+527,0
316+547,2
316+557,2
316+577,0
316+587,0
316+607,1
316+627,5
316+637,6
316+657,4
316+677,6
316+687,5
316+707,9
316+717,4
316+737,4
316+747,3
316+767,4
316+787,3
316+797,4
316+817,2
316+827,4
316+847,3
316+867,0
316+877,1
316+897,2
316+907,1
316+927,2
316+937,4
316+957,2
316+967,2
316+987,2
317+007,4
317+017,4
317+037,3
317+047,1
317+067,0
317+087,0
317+097,0
317+117,0
317+137,0
317+147,0
317+167,0
317+187,1
317+197,2
317+217,0
317+237,0
317+257,0
317+267,4
317+287,2
317+307,3
317+317,1
317+337,2
317+357,2
317+377,1
317+397,1
317+417,3
317+427,6
317+447,6
317+467,4
317+487,7
317+507,8
317+527,5
317+547,4
317+567,5
317+577,4
317+597,4
317+617,2
317+637,4
317+657,4
317+677,2
317+687,5
317+707,3
317+727,3
317+747,6
317+767,4
317+777,3
317+797,3
317+817,2
317+837,4
317+847,2
317+867,4
317+887,5
317+897,6
317+917,1
317+927,1
317+947,3
317+967,4
317+977,2
317+997,2
318+007,3
318+027,2
318+037,2
318+057,4
318+067,5
318+087,4
318+097,5
318+117,4
318+127,6
318+147,2
318+157,4
318+177,1
318+187,2
318+207,2
318+217,4
318+237,5
318+247,4
318+267,5
318+277,3
318+297,3
318+317,4
318+327,2
318+347,4
318+357,3
318+377,5
318+397,4
318+407,3
318+427,3
318+447,5
318+457,4
318+477,3
318+497,3
318+507,2
318+527,3
318+547,4
318+567,4
318+587,3
318+607,7
318+617,4
318+637,5
318+657,1
318+677,2
318+697,6
318+707,4
318+727,4
318+747,7
318+757,7
318+777,7
318+797,3
318+817,3
318+827,5
318+847,6
318+867,6
318+877,6
318+897,4
318+917,5
318+927,5
318+947,2
318+957,6
318+977,8
318+997,2
319+007,5
319+027,3
319+037,4
319+057,3
319+077,4
319+087,4
319+107,4
319+117,2
319+137,4
319+157,6
319+167,3
319+187,4
319+197,6
319+217,5
319+227,6
319+247,7
319+257,6
319+277,4
319+287,4
319+307,7
319+317,2
319+337,3
319+347,4
319+367,5
319+377,4
319+397,5
319+407,5
319+427,6
319+437,2
319+457,2
319+467,3
319+487,3
319+497,4
319+517,4
319+527,10
319+537,5
319+557,4
319+567,4
319+577,7
319+597,3
319+607,2
319+617,3
319+637,6
319+647,4
319+667,5
319+677,5
319+697,4
319+707,2
319+727,6
319+737,5
319+757,7
319+767,5
319+787,4
319+807,3
319+817,5
319+837,4
319+847,6
319+867,4
319+877,4
319+897,6
319+907,5
319+927,4
319+947,5
319+957,4
319+977,5
319+987,5
320+007,6
320+017,4
320+037,6
320+047,4
320+067,6
320+077,4
320+097,6
320+107,6
320+127,4
320+147,5
320+157,6
320+177,5
320+187,2
320+207,3
320+217,0
320+237,0
320+257,0
320+267,0
320+287,0
320+297,0
320+317,0
320+327,1
320+347,0
320+357,3
320+377,2
320+387,4
320+407,4
320+417,5
320+437,2
320+447,2
320+467,2
320+487,6
320+497,5
320+517,4
320+527,3
320+547,4
320+557,5
320+577,4
320+597,7
320+607,6
320+627,5
320+647,5
320+657,7
320+677,4
320+687,7
320+707,1
320+727,4
320+737,6
320+757,3
320+777,6
320+787,5
320+807,8
320+827,5
320+847,7
320+857,6
320+877,4
320+897,4
320+917,4
320+927,4
320+947,4
320+967,5
320+977,2
320+997,5
321+017,5
321+037,4
321+047,7
321+067,4
321+087,3
321+107,4
321+117,4
321+137,1
321+147,3
321+167,2
321+177,1
321+197,0
321+207,0
321+227,1
321+237,0
321+247,2
321+267,1
321+277,1
321+287,0
321+307,0
321+317,4
321+327,6
321+347,4
321+357,8
321+367,3
321+387,6
321+397,5
321+407,4
321+427,3
321+437,4
321+457,5
321+467,4
321+477,5
321+497,4
321+507,3
321+527,5
321+537,6
321+557,4
321+567,5
321+587,8
321+597,4
321+607,6
321+627,4
321+637,6
321+657,5
321+677,5
321+687,5
321+707,5
321+717,5
321+737,6
321+747,5
321+767,5
321+777,5
321+797,7
321+817,8
321+827,6
321+847,5
321+857,4
321+877,5
321+897,7
321+907,7
321+927,5
321+937,8
321+957,5
321+977,5
321+987,5
322+007,6
322+027,8
322+037,7
322+057,6
322+077,7
322+087,4
322+107,6
322+127,5
322+137,7
322+157,5
322+177,7
322+187,8
322+207,7
322+217,5
322+237,4
322+257,5
322+267,5
322+287,4
322+297,4
322+317,5
322+327,5
322+347,6
322+357,6
322+377,6
322+397,6
322+407,3
322+427,5
322+447,6
322+457,4
322+477,6
322+497,6
322+507,8
322+527,5
322+547,5
322+557,6
322+577,6
322+597,5
322+607,6
322+627,4
322+647,5
322+657,4
322+677,5
322+697,3
322+707,5
322+727,6
322+747,11
322+767,7
322+777,4
322+797,5
322+817,8
322+837,7
322+857,5
322+877,5
322+887,3
322+907,5
322+927,5
322+937,5
322+957,2
322+977,4
322+997,5
323+017,6
323+027,4
323+047,4
323+067,4
323+087,7
323+097,7
323+117,5
323+137,5
323+157,7
323+167,4
323+187,3
323+207,6
323+217,5
323+237,8
323+257,5
323+277,4
323+287,4
323+307,5
323+327,7
323+337,6
323+357,6
323+377,1
323+387,1
323+407,0
323+417,1
323+437,5
323+457,2
323+467,4
323+487,0
323+497,0
323+517,0
323+527,0
323+547,0
323+557,3
323+577,3
323+587,5
323+607,4
323+617,5
323+637,5
323+657,4
323+667,7
323+687,5
323+697,4
323+717,5
323+727,5
323+747,10
323+757,8
323+777,5
323+787,6
323+807,4
323+827,5
323+837,5
323+857,7
323+867,7
323+887,3
323+907,5
323+917,3
323+937,5
323+947,4
323+967,5
323+977,4
323+997,7
324+007,6
324+027,4
324+037,4
324+057,6
324+067,4
324+077,6
324+097,5
324+107,4
324+117,5
324+137,6
324+147,5
324+157,5
324+177,3
324+187,4
324+207,3
324+217,6
324+227,7
324+247,5
324+257,4
324+277,5
324+287,5
324+307,4
324+317,4
324+337,4
324+347,3
324+367,4
324+377,5
324+397,2
324+417,5
324+427,5
324+447,6
324+457,4
324+477,8
324+497,10
324+507,4
324+527,5
324+537,6
324+557,7
324+577,7
324+587,10
324+607,7
324+627,6
324+637,9
324+657,6
324+677,5
324+687,4
324+707,7
324+727,7
324+737,3
324+757,4
324+777,8
324+787,10
324+807,10
324+817,7
324+837,5
324+857,5
324+867,4
324+887,2
324+897,0
324+917,1
324+927,0
324+947,1
324+957,0
324+977,0
324+987,2
325+007,1
325+017,4
325+037,3
325+057,2
325+067,4
325+087,7
325+097,5
325+117,6
325+127,5
325+147,5
325+157,6
325+177,5
325+187,3
325+207,8
325+217,6
325+237,6
325+247,5
325+267,5
325+277,6
325+297,5
325+317,5
325+327,4
325+347,4
325+357,5
325+377,7
325+387,7
325+407,8
325+427,4
325+437,5
325+457,5
325+467,7
325+477,6
325+497,5
325+507,5
325+527,5
325+537,6
325+557,4
325+577,7
325+587,5
325+607,4
325+617,4
325+637,6
325+647,6
325+667,7
325+677,7
325+697,6
325+717,6
325+727,4
325+747,7
325+767,6
325+777,8
325+797,4
325+807,7
325+827,5
325+837,3
325+857,4
325+877,1
325+897,4
325+907,3
325+927,4
325+947,5
325+957,7
325+977,6
325+997,5
326+007,7
326+027,5
326+047,5
326+057,7
326+077,6
326+087,1
326+107,4
326+117,3
326+137,3
326+157,6
326+167,3
326+187,3
326+197,9
326+207,3
326+227,2
326+247,5
326+257,3
326+277,6
326+287,5
326+307,3
326+317,4
326+327,6
326+347,5
326+357,6
326+367,5
326+387,5
326+397,8
326+407,4
326+427,7
326+437,4
326+447,5
326+467,7
326+477,4
326+487,6
326+507,4
326+517,0
326+537,2
326+547,5
326+567,4
326+577,2
326+597,3
326+607,3
326+627,5
326+637,5
326+657,5
326+667,4
326+687,4
326+697,3
326+717,5
326+727,2
326+747,4
326+767,4
326+777,6
326+797,8
326+807,4
326+827,10
326+847,8
326+857,7
326+877,6
326+887,7
326+907,8
326+917,7
326+937,8
326+947,5
326+967,7
326+987,7
326+997,4
327+017,4
327+027,4
327+047,5
327+057,4
327+077,7
327+087,5
327+107,6
327+117,5
327+137,4
327+147,4
327+167,4
327+177,3
327+197,7
327+207,4
327+227,4
327+237,5
327+247,4
327+267,2
327+277,0
327+297,0
327+307,0
327+317,0
327+337,1
327+347,0
327+367,3
327+377,2
327+387,4
327+397,3
327+417,4
327+427,4
327+437,2
327+457,1
327+467,3
327+477,3
327+497,4
327+507,3
327+517,4
327+537,4
327+547,7
327+567,8
327+577,6
327+597,3
327+607,3
327+627,10
327+637,5
327+657,6
327+667,5
327+677,5
327+697,3
327+707,1
327+727,7
327+737,3
327+757,3
327+767,7
327+787,5
327+797,3
327+807,2
327+827,4
327+837,6
327+857,3
327+867,4
327+887,5
327+897,5
327+917,10
327+927,5
327+947,4
327+957,0
327+977,2
327+987,1
327+997,0
328+017,0
328+027,0
328+037,0
328+057,1
328+067,2
328+077,2
328+097,0
328+107,0
328+117,1
328+137,2
328+147,4
328+167,4
328+177,4
328+187,4
328+207,4
328+217,5
328+237,6
328+247,5
328+257,6
328+277,4
328+287,4
328+307,5
328+317,8
328+337,5
328+347,3
328+367,5
328+377,4
328+387,5
328+407,3
328+417,11
328+427,5
328+447,6
328+457,6
328+467,4
328+477,4
328+497,4
328+507,5
328+517,5
328+537,7
328+547,5
328+567,4
328+577,7
328+587,6
328+597,3
328+617,4
328+627,3
328+637,4
328+657,4
328+667,3
328+677,4
328+687,4
328+707,4
328+717,6
328+727,4
328+737,3
328+747,3
328+767,6
328+777,3
328+787,6
328+807,3
328+817,3
328+837,3
328+847,5
328+857,10
328+877,6
328+887,3
328+907,4
328+917,7
328+937,4
328+947,3
328+967,4
328+977,4
328+997,4
329+007,3
329+027,3
329+037,3
329+057,3
329+067,6
329+087,5
329+107,5
329+117,4
329+137,5
329+147,4
329+167,3
329+187,4
329+197,4
329+217,5
329+227,3
329+247,2
329+257,3
329+277,0
329+287,0
329+307,0
329+317,0
329+327,2
329+347,5
329+357,4
329+377,4
329+387,4
329+407,6
329+417,2
329+437,5
329+447,5
329+457,4
329+477,5
329+487,3
329+497,4
329+507,4
329+527,3
329+537,3
329+547,6
329+557,2
329+577,1
329+587,4
329+597,4
329+617,3
329+627,2
329+637,4
329+657,7
329+667,4
329+677,5
329+697,4
329+707,4
329+717,4
329+737,5
329+747,3
329+757,4
329+777,7
329+787,5
329+797,5
329+817,8
329+827,6
329+837,3
329+857,6
329+867,5
329+887,5
329+897,5
329+907,5
329+927,9
329+937,5
329+957,11
329+967,5
329+977,5
329+997,7
330+007,3
330+027,8
330+047,3
330+057,3
330+067,1
330+087,4
330+097,4
330+117,6
330+127,8
330+147,7
330+157,7
330+177,10
330+187,9
330+207,8
330+217,8
330+227,7
330+247,3
330+257,6
330+277,8
330+297,7
330+307,5
330+327,7
330+337,8
330+357,9
330+367,11
330+387,8
330+407,6
330+417,9
330+437,5
330+457,8
330+467,9
330+487,6
330+507,5
330+527,7
330+537,5
330+557,6
330+577,6
330+597,8
330+607,7
330+627,6
330+647,4
330+657,6
330+677,6
330+697,6
330+707,8
330+727,7
330+747,7
330+757,7
330+777,6
330+797,8
330+807,6
330+827,9
330+847,9
330+867,6
330+887,7
330+897,6
330+917,4
330+937,11
330+947,3
330+967,1
330+977,4
330+997,4
331+007,3
331+027,4
331+047,3
331+057,3
331+077,2
331+087,4
331+097,4
331+117,3
331+127,5
331+147,7
331+157,8
331+167,8
331+187,4
331+197,6
331+217,5
331+227,5
331+247,5
331+257,5
331+267,4
331+287,4
331+297,3
331+317,5
331+327,5
331+347,4
331+357,8
331+377,6
331+387,6
331+407,4
331+417,6
331+437,4
331+447,5
331+467,4
331+477,6
331+497,9
331+507,4
331+517,8
331+537,1
331+547,1
331+567,0
331+577,0
331+597,0
331+607,0
331+617,0
331+637,0
331+647,1
331+657,2
331+667,1
331+687,1
331+697,4
331+707,3
331+727,4
331+737,1
331+757,5
331+767,2
331+777,5
331+797,6
331+807,5
331+817,5
331+837,4
331+847,5
331+857,5
331+877,4
331+887,4
331+907,5
331+917,5
331+927,6
331+947,5
331+957,5
331+977,5
331+987,6
332+007,2
332+017,6
332+037,4
332+047,5
332+067,4
332+087,5
332+097,6
332+117,7
332+127,4
332+147,6
332+157,6
332+177,5
332+187,5
332+197,8
332+217,1
332+227,2
332+237,2
332+247,2
332+257,5
332+277,6
332+287,3
332+297,7
332+307,5
332+317,4
332+327,2
332+337,3
332+357,9
332+367,5
332+377,8
332+387,6
332+397,3
332+407,4
332+417,6
332+427,4
332+447,5
332+457,3
332+467,3
332+477,2
332+487,3
332+497,3
332+507,5
332+517,4
332+527,3
332+537,5
332+547,4
332+557,3
332+567,4
332+577,4
,3
332+587,3
332+597,2
332+607,2
332+617,0
332+627,2
332+637,3
332+647,4
332+657,3
332+667,3
332+677,5
332+687,2
332+697,4
332+707,4
332+727,7
332+737,5
332+747,4
332+757,4
332+767,2
332+777,4
332+787,3
332+807,4
332+817,2
332+827,3
332+837,5
332+847,4
332+857,4
332+877,3
332+887,5
332+897,6
332+907,3
332+927,6
332+937,5
332+947,5
332+957,6
332+967,5
332+987,5
332+997,4
333+007,3
333+017,4
333+027,2
333+047,4
333+057,3
333+067,5
333+077,4
333+087,2
333+097,3
333+107,4
333+117,2
333+127,3
333+137,3
333+147,0
333+167,0
333+177,0
333+187,0
,0
333+197,0
333+207,0
333+217,0
333+227,0
333+237,1
333+247,2
333+257,2
333+267,0
333+277,3
333+287,6
333+297,1
333+317,7
333+327,2
333+337,4
333+347,3
333+367,4
333+377,3
333+387,8
333+397,5
333+417,4
333+427,6
333+437,6
333+457,5
333+467,3
333+487,4
333+497,4
333+507,3
333+527,7
333+537,3
333+557,4
333+567,2
333+587,4
333+597,6
333+607,4
333+627,3
333+637,5
333+647,4
333+667,1
333+677,5
333+697,4
333+707,5
333+717,5
333+737,4
333+747,6
333+757,4
333+767,7
333+787,6
333+797,5
333+817,6
333+827,5
333+847,3
333+857,4
333+877,5
333+887,3
333+907,4
333+917,5
333+937,5
333+947,4
333+967,4
333+977,5
333+997,6
334+007,5
334+027,6
334+047,6
334+057,4
334+077,4
334+097,3
334+107,3
334+127,3
334+147,0
334+167,1
334+177,2
334+197,4
334+217,4
334+237,3
334+247,5
334+267,2
334+287,5
334+307,6
334+327,4
334+337,5
334+357,4
334+377,5
334+387,3
334+407,6
334+427,7
334+437,3
334+457,6
334+477,5
334+487,4
334+507,5
334+527,3
334+537,6
334+557,4
334+577,5
334+587,3
334+607,6
334+627,5
334+647,4
334+657,10
334+677,12
334+697,2
334+717,3
334+737,9
334+757,8
334+767,6
334+787,5
334+807,9
334+817,8
334+837,7
334+857,5
334+877,4
334+887,1
334+907,5
334+927,8
334+937,5
334+957,5
334+967,5
334+987,8
335+007,7
335+027,10
335+037,5
335+057,6
335+067,4
335+087,8
335+097,4
335+117,6
335+137,4
335+147,5
335+167,5
335+177,6
335+197,6
335+207,6
335+227,7
335+247,7
335+257,0
335+277,2
335+287,2
335+307,1
335+317,4
335+337,5
335+357,4
335+367,6
335+387,4
335+397,4
335+417,8
335+437,5
335+447,3
335+467,0
335+477,0
335+497,0
335+507,1
335+527,6
335+547,3
335+557,2
335+577,0
335+587,2
335+607,7
335+617,9
335+637,11
335+657,6
335+667,6
335+687,6
335+707,5
335+717,3
335+737,6
335+747,2
335+767,3
335+787,5
335+797,2
335+817,6
335+837,6
335+847,8
335+867,6
335+887,4
335+897,4
335+917,8
335+937,5
335+947,4
335+967,5
335+977,7
335+997,6
336+017,4
336+027,7
336+047,8
336+067,10
336+077,2
336+097,5
336+107,5
336+127,3
336+147,6
336+157,5
336+177,5
336+197,6
336+207,4
336+227,9
336+237,8
336+257,5
336+277,5
336+297,6
336+307,3
336+327,5
336+337,6
336+357,3
336+377,7
336+397,7
336+407,3
336+427,6
336+447,6
336+467,5
336+477,3
336+497,4
336+517,5
336+537,6
336+547,8
336+567,7
336+587,4
336+597,6
336+617,5
336+637,4
336+647,2
336+667,3
336+687,6
336+697,7
336+717,5
336+737,6
336+747,6
336+767,9
336+777,6
336+797,5
336+807,8
336+827,10
336+837,7
336+857,5
336+877,4
336+887,4
336+907,5
336+917,6
336+937,6
336+947,9
336+957,4
336+977,6
336+987,4
337+007,6
337+017,5
337+027,5
337+047,7
337+057,7
337+077,7
337+087,7
337+107,6
337+117,1
337+137,3
337+157,5
337+167,3
337+187,7
337+197,3
337+217,4
337+227,7
337+237,2
337+257,5
337+267,2
337+287,5
337+297,3
337+317,0
337+327,0
337+337,1
337+357,0
337+367,4
337+377,3
337+397,3
337+407,5
337+417,6
337+437,5
337+447,7
337+457,4
337+477,5
337+487,4
337+497,4
337+517,6
337+527,5
337+537,8
337+557,8
337+567,5
337+577,7
337+587,10
337+607,6
337+617,9
337+627,6
337+637,5
337+647,7
337+657,5
337+667,5
337+677,5
337+697,4
337+707,3
337+717,4
337+727,3
337+737,4
337+757,3
337+767,6
337+777,5
337+787,4
337+807,4
337+827,5
337+837,4
337+857,2
337+867,4
337+877,4
337+897,6
337+907,6
337+927,5
337+937,7
337+957,4
337+967,4
337+987,5
337+997,5
338+017,3
338+027,7
338+047,7
338+057,7
338+077,4
338+097,2
338+107,1
338+127,5
338+147,2
338+167,1
338+177,4
338+197,4
338+217,5
338+237,6
338+247,3
338+267,5
338+287,5
338+307,5
338+327,7
338+337,4
338+357,6
338+377,5
338+387,4
338+407,6
338+427,3
338+447,4
338+457,6
338+477,5
338+497,2
338+507,4
338+527,5
338+547,4
338+557,2
338+577,2
338+587,1
338+607,5
338+627,6
338+637,4
338+657,7
338+667,6
338+687,4
338+707,4
338+717,4
338+737,5
338+747,4
338+767,4
338+777,6
338+797,3
338+817,4
338+827,7
338+847,4
338+857,3
338+877,5
338+887,4
338+907,4
338+917,4
338+937,6
338+947,5
338+967,3
338+977,3
338+987,6
339+007,5
339+017,6
339+027,3
339+047,5
339+057,1
339+067,0
339+077,1
339+097,1
339+107,0
339+117,0
339+127,1
339+137,0
339+157,0
339+167,0
339+177,4
339+187,2
339+197,2
339+217,2
339+227,1
339+237,4
339+247,4
339+257,5
339+277,4
339+287,2
339+297,2
339+317,7
339+327,4
339+347,3
339+357,4
339+367,4
339+387,5
339+397,4
339+417,4
339+427,4
339+437,4
339+457,4
339+467,4
339+487,6
339+497,4
339+517,5
339+527,4
339+537,4
339+557,5
339+567,5
339+577,4
339+597,3
339+607,5
339+627,4
339+637,4
339+647,6
339+667,5
339+677,5
339+697,6
339+707,5
339+717,4
339+727,5
339+747,2
339+757,5
339+777,3
339+787,4
339+797,4
339+817,6
339+827,2
339+837,3
339+857,5
339+867,4
339+877,4
339+897,6
339+907,6
339+917,6
339+927,5
339+947,4
339+957,5
339+967,2
339+987,4
339+997,6
340+017,4
340+027,4
340+037,6
340+057,5
340+067,5
340+087,5
340+097,5
340+107,7
340+127,3
340+137,4
340+157,4
340+167,5
340+187,5
340+197,4
340+217,4
340+227,4
340+247,3
340+257,4
340+277,4
340+287,2
340+307,4
340+317,6
340+337,5
340+347,5
340+367,4
340+377,5
340+397,5
340+417,6
340+427,1
340+447,0
340+457,0
340+477,0
340+487,0
340+507,1
340+517,0
340+537,2
340+547,4
340+567,4
340+577,2
340+587,1
340+607,6
340+617,6
340+637,5
340+647,8
340+667,6
340+677,3
340+697,5
340+707,5
340+727,5
340+747,5
340+757,6
340+767,7
340+787,4
340+797,7
340+817,5
340+827,4
340+837,7
340+857,5
340+867,7
340+887,5
340+897,6
340+917,1
340+927,4
340+947,4
340+957,5
340+977,5
340+987,4
340+997,5
341+017,5
341+027,5
341+047,8
341+057,7
341+067,3
341+087,5
341+097,4
341+107,6
341+127,4
341+137,7
341+147,7
341+167,4
341+177,5
341+187,4
341+197,3
341+217,8
341+227,5
341+237,5
341+257,5
341+267,3
341+277,6
341+287,6
341+307,5
341+317,4
341+327,3
341+337,6
341+357,6
341+367,2
341+377,0
341+387,2
341+407,6
341+417,2
341+427,2
341+437,2
341+457,3
341+467,5
341+477,2
341+487,4
341+507,4
341+517,5
341+527,4
341+537,5
341+557,1
341+567,2
341+577,1
341+587,1
341+597,1
341+607,4
341+617,6
341+627,6
341+647,4
341+657,5
341+667,1
341+677,7
341+687,5
341+697,0
341+707,0
341+717,0
341+737,0
341+747,0
341+757,0
341+767,2
341+777,1
341+797,0
341+807,0
341+817,4
341+827,9
341+847,8
341+857,7
341+867,3
341+887,7
341+897,5
341+907,4
341+927,5
341+937,5
341+957,7
341+967,7
341+977,4
341+997,5
342+007,4
342+027,4
342+037,5
342+047,4
342+067,3
342+077,6
342+097,5
342+107,5
342+127,5
342+137,2
342+157,4
342+167,5
342+187,2
342+197,7
342+207,5
342+227,3
342+237,4
342+247,1
342+267,0
342+277,1
342+287,4
342+297,0
342+317,2
342+327,1
342+337,2
342+347,9
342+357,3
342+377,8
342+387,11
342+397,3
342+407,5
342+427,0
342+437,3
342+447,4
342+467,6
342+477,5
342+497,5
342+507,4
342+527,5
342+537,5
342+557,5
342+567,5
342+587,5
342+597,5
342+617,5
342+627,7
342+647,5
342+657,4
342+677,4
342+687,5
342+707,4
342+727,4
342+737,4
342+757,5
342+767,5
342+787,4
342+797,4
342+817,6
342+827,4
342+847,4
342+867,3
342+877,3
342+897,5
342+907,6
342+927,4
342+947,5
342+957,6
342+977,7
342+997,6
343+007,5
343+027,4
343+037,0
343+057,3
343+077,2
343+087,0
343+107,6
343+117,6
343+137,6
343+157,5
343+167,3
343+187,6
343+197,7
343+217,5
343+227,4
343+247,6
343+257,7
343+277,9
343+287,5
343+307,6
343+317,7
343+337,5
343+357,5
343+367,7
343+387,6
343+407,6
343+417,7
343+437,6
343+457,6
343+467,6
343+487,6
343+507,4
343+517,5
343+537,6
343+547,5
343+567,5
343+577,6
343+597,2
343+607,4
343+627,3
343+637,5
343+657,5
343+667,6
343+677,5
343+697,5
343+707,4
343+717,6
343+727,4
343+747,5
343+757,6
343+767,2
343+787,4
343+797,6
343+807,5
343+817,4
343+827,3
343+837,4
343+857,4
343+867,5
343+877,4
343+887,5
343+897,4
343+907,4
343+927,3
343+937,6
343+947,6
343+957,5
343+967,6
343+987,8
343+997,3
344+007,4
344+017,4
344+027,5
344+037,5
344+057,2
344+067,3
344+077,8
344+087,3
344+097,5
344+117,4
344+127,5
344+137,4
344+147,6
344+167,4
344+177,5
344+187,2
344+197,5
344+207,7
344+227,3
344+237,4
344+247,5
344+267,3
344+277,4
344+287,7
344+297,3
344+307,0
344+327,0
344+337,0
344+347,2
344+357,3
344+367,2
344+387,3
344+397,0
344+407,1
344+417,3
344+427,4
344+447,3
344+457,1
344+467,1
344+477,1
344+497,1
344+507,4
344+517,4
344+527,5
344+547,4
344+557,5
344+567,6
344+577,7
344+597,8
344+607,5
344+617,5
344+637,6
344+647,4
344+657,5
344+677,5
344+687,5
344+697,6
344+717,5
344+727,6
344+737,6
344+757,6
344+767,3
344+787,5
344+797,5
344+817,4
344+827,4
344+847,6
344+857,5
344+867,4
344+887,5
344+897,4
344+917,6
344+927,6
344+947,5
344+957,5
344+977,6
344+987,8
345+007,4
345+017,6
345+037,5
345+047,6
345+067,4
345+077,3
345+097,7
345+107,4
345+127,6
345+137,6
345+157,6
345+167,5
345+187,2
345+197,5
345+217,4
345+227,4
345+247,2
345+267,5
345+277,5
345+297,3
345+307,5
345+327,7
345+337,4
345+357,8
345+377,5
345+387,5
345+407,5
345+417,6
345+437,6
345+457,7
345+467,5
345+487,4
345+507,7
345+517,6
345+537,5
345+557,7
345+567,5
345+587,6
345+597,6
345+617,6
345+627,3
345+647,8
345+657,4
345+667,5
345+687,4
345+697,6
345+717,3
345+727,2
345+747,2
345+757,7
345+777,4
345+787,7
345+797,6
345+817,6
345+827,7
345+847,6
345+857,7
345+877,7
345+887,7
345+897,8
345+917,6
345+927,4
345+947,6
345+957,7
345+967,7
345+987,7
345+997,7
346+017,6
346+027,7
346+037,5
346+057,7
346+067,5
346+087,3
346+097,5
346+117,4
346+127,4
346+137,5
346+157,4
346+167,1
346+187,0
346+197,1
346+207,0
346+227,0
346+237,2
346+247,1
346+257,1
346+267,5
346+287,5
346+297,15
346+307,9
346+327,10
346+337,3
346+357,5
346+367,3
346+377,4
346+397,4
346+407,3
346+417,5
346+427,4
346+447,5
346+457,3
346+467,7
346+487,5
346+497,7
346+507,3
346+517,6
346+537,9
346+547,4
346+557,5
346+577,7
346+587,5
346+597,4
346+617,6
346+627,5
346+637,0
346+657,0
346+667,4
346+677,7
346+697,5
346+707,8
346+727,5
346+737,7
346+757,8
346+767,4
346+787,4
346+797,6
346+817,4
346+827,6
346+847,5
346+857,6
346+877,11
346+887,6
346+907,7
346+917,8
346+937,7
346+947,6
346+967,4
346+977,6
346+997,4
347+007,6
347+027,3
347+047,7
347+057,6
347+077,8
347+087,4
347+107,3
347+127,7
347+137,6
347+157,8
347+177,6
347+187,5
347+207,7
347+217,6
347+237,6
347+257,6
347+267,6
347+287,5
347+297,7
347+317,5
347+337,5
347+347,8
347+367,7
347+387,4
347+397,6
347+417,8
347+427,7
347+447,8
347+457,5
347+477,4
347+487,10
347+507,6
347+517,7
347+537,6
347+547,8
347+567,5
347+577,9
347+597,7
347+617,8
347+627,7
347+647,5
347+657,4
347+677,5
347+687,3
347+707,5
347+727,7
347+737,4
347+757,7
347+777,7
347+787,4
347+807,8
347+827,2
347+837,7
347+857,5
347+877,6
347+887,5
347+907,10
347+927,10
347+937,6
347+957,6
347+977,7
347+997,7
348+007,4
348+027,4
348+047,10
348+067,7
348+077,7
348+097,4
348+107,6
348+127,5
348+137,7
348+157,5
348+167,4
348+187,7
348+207,5
348+217,4
348+237,4
348+257,6
348+277,8
348+287,5
348+297,4
348+317,4
348+327,5
348+347,6
348+357,3
348+377,4
348+387,5
348+397,2
348+417,6
348+427,4
348+437,4
348+457,6
348+467,4
348+487,5
348+497,4
348+507,6
348+527,4
348+537,5
348+557,5
348+567,4
348+587,4
348+597,11
348+607,4
348+627,5
348+637,5
348+657,4
348+667,6
348+677,6
348+697,3
348+707,3
348+717,4
348+737,4
348+747,5
348+757,4
348+777,4
348+787,6
348+807,4
348+817,4
348+827,5
348+847,5
348+857,5
348+877,6
348+887,2
348+897,4
348+917,2
348+927,4
348+947,4
348+957,4
348+967,3
348+987,7
348+997,6
349+017,5
349+027,5
349+037,4
349+057,5
349+067,5
349+077,6
349+097,4
349+107,3
349+117,6
349+137,7
349+157,3
349+167,2
349+177,4
349+187,7
349+207,7
349+217,3
349+227,6
349+247,4
349+257,3
349+267,7
349+287,2
349+297,4
349+317,6
349+337,5
349+347,3
349+367,3
349+377,0
349+397,3
349+407,6
349+427,6
349+437,4
349+447,6
349+457,6
349+477,4
349+487,4
349+497,6
349+517,5
349+527,5
349+537,6
349+547,6
349+557,1
349+577,0
349+587,1
349+597,2
349+617,0
349+627,0
349+647,0
349+657,5
349+677,0
349+687,6
349+697,4
349+717,4
349+727,4
349+747,5
349+757,5
349+777,6
349+787,2
349+807,7
349+817,7
349+827,7
349+847,7
349+857,1
349+867,0
349+887,1
349+897,0
349+907,4
349+927,6
349+937,6
349+947,4
349+967,6
349+977,5
349+987,8
349+997,4
350+007,5
350+027,5
350+037,4
350+047,6
350+057,3
350+067,6
350+077,4
350+087,5
350+097,5
350+107,5
350+117,0
350+127,0
350+137,0
350+147,0
350+157,0
350+167,1
,0
350+177,0
350+187,1
350+197,1
350+207,1
,0
350+217,0
350+227,1
,3
350+237,2
,1
,0
,0
350+247,0
,6
350+257,1
,0
,0
350+267,0
,0
350+277,0
,0
350+287,0
350+297,0
,0
350+307,2
350+317,2
,3
350+327,4
350+337,6
350+347,3
350+357,3
350+367,6
350+377,2
350+387,3
350+397,7
350+407,2
350+417,5
350+427,6
350+437,4
350+447,6
350+457,4
350+467,5
350+487,5
350+497,4
350+507,4
350+517,7
350+527,7
350+547,5
350+557,4
350+567,4
350+577,2
350+597,3
350+607,5
350+617,2
350+627,0
350+647,0
350+657,0
350+667,4
350+677,5
350+697,3
350+707,3
350+717,4
350+727,3
350+747,5
350+757,4
350+767,5
350+777,5
350+787,4
350+797,1
350+807,0
350+817,0
350+827,0
350+837,0
350+847,1
350+857,3
350+867,5
350+877,3
350+897,2
350+907,4
350+917,4
350+927,7
350+937,4
350+947,3
350+967,5
350+977,5
350+987,6
351+007,8
351+017,8
351+027,4
351+037,5
351+057,3
351+067,4
351+077,5
351+097,4
351+107,5
351+117,5
351+137,5
351+147,5
351+157,6
351+177,4
351+187,6
351+197,4
351+217,5
351+227,4
351+247,5
351+257,4
351+277,6
351+287,5
351+297,6
351+317,4
351+327,4
351+337,5
351+357,4
351+367,5
351+387,4
351+397,5
351+407,3
351+427,4
351+437,4
351+447,4
351+467,3
351+477,3
351+487,4
351+507,3
351+517,5
351+527,5
351+537,5
351+547,6
351+557,3
351+567,6
351+587,4
351+597,2
351+607,9
351+617,7
351+627,7
351+647,7
351+657,5
351+667,2
351+677,1
351+697,0
351+707,0
351+717,1
351+737,0
351+747,1
351+757,0
351+777,2
351+787,1
351+797,0
351+817,1
351+827,1
351+837,3
351+857,3
351+867,2
351+887,8
351+897,7
351+917,5
351+927,6
351+947,4
351+957,5
351+977,4
351+987,6
352+007,6
352+017,5
352+037,5
352+057,6
352+067,5
352+087,4
352+097,2
352+117,6
352+137,4
352+147,4
352+167,3
352+177,3
352+197,4
352+217,3
352+227,6
352+247,5
352+257,4
352+277,5
352+287,4
352+307,6
352+317,3
352+327,6
352+337,5
352+357,5
352+367,4
352+377,5
352+387,9
352+407,4
352+417,6
352+427,4
352+437,6
352+457,5
352+467,4
352+477,3
352+487,5
352+507,4
352+517,5
352+527,5
352+547,6
352+557,5
352+567,8
352+587,5
352+597,8
352+607,6
352+617,6
352+637,5
352+647,5
352+657,4
352+667,5
352+687,5
352+697,3
352+717,5
352+727,5
352+737,7
352+757,5
352+767,4
352+777,6
352+787,9
352+797,4
352+817,7
352+827,4
352+837,3
352+847,2
352+857,6
352+867,3
352+877,7
352+887,3
352+897,7
352+907,7
352+917,5
352+927,4
352+947,3
352+957,5
352+967,6
352+977,8
352+997,3
353+007,5
353+017,2
353+037,5
353+047,5
353+057,5
353+067,6
353+087,4
353+097,5
353+107,4
353+127,4
353+137,7
353+157,8
353+167,7
353+187,4
353+197,4
353+207,4
353+227,4
353+237,6
353+257,5
353+267,7
353+287,4
353+297,2
353+317,10
353+327,7
353+347,5
353+357,5
353+377,4
353+397,7
353+407,6
353+427,5
353+447,7
353+457,5
353+477,1
353+487,0
353+507,4
353+527,2
353+547,2
353+557,0
353+577,1
353+597,1
353+607,0
353+627,0
353+647,0
353+667,2
353+687,0
353+707,0
353+727,1
353+737,1
353+757,7
353+777,6
353+797,4
353+817,5
353+837,3
353+857,4
353+867,3
353+887,1
353+907,4
353+917,4
353+937,4
353+947,4
353+967,2
353+987,5
353+997,4
354+017,4
354+027,4
354+037,6
354+057,4
354+067,4
354+077,6
354+097,6
354+107,5
354+117,4
354+137,4
354+147,3
354+167,5
354+177,3
354+187,4
354+207,4
354+217,3
354+227,4
354+247,4
354+257,4
354+277,6
354+287,4
354+297,5
354+317,3
354+327,3
354+347,3
354+357,4
354+367,4
354+387,4
354+397,5
354+407,5
354+417,5
354+437,6
354+447,6
354+467,4
354+477,9
354+487,4
354+507,0
354+517,3
354+537,2
354+547,0
354+567,4
354+577,5
354+597,5
354+607,9
354+627,4
354+637,7
354+657,5
354+667,5
354+687,7
354+697,7
354+717,4
354+737,5
354+747,5
354+767,3
354+777,5
354+797,6
354+817,6
354+827,4
354+847,5
354+857,8
354+877,5
354+897,4
354+907,6
354+927,4
354+947,7
354+967,6
354+977,5
354+997,4
355+017,6
355+027,4
355+047,4
355+067,4
355+077,5
355+097,5
355+107,6
355+127,6
355+137,4
355+157,4
355+167,4
355+187,7
355+197,6
355+207,2
355+227,6
355+237,5
355+257,5
355+267,4
355+277,6
355+297,5
355+307,4
355+317,4
355+327,5
355+347,3
355+357,4
355+367,5
355+387,4
355+397,5
355+407,3
355+427,4
355+437,4
355+447,5
355+467,5
355+477,4
355+487,4
355+507,5
355+517,6
355+527,4
355+547,5
355+557,6
355+567,5
355+587,6
355+597,4
355+607,4
355+627,8
355+637,9
355+657,4
355+667,6
355+687,6
355+697,7
355+707,9
355+727,5
355+737,5
355+747,9
355+757,10
355+777,8
355+787,14
355+797,7
355+817,7
355+827,8
355+847,8
355+857,4
355+867,6
355+887,7
355+897,10
355+907,7
355+927,5
355+937,6
355+947,6
355+967,5
355+977,3
355+987,6
356+007,6
356+017,5
356+027,8
356+047,5
356+057,7
356+067,7
356+087,9
356+097,3
356+107,3
356+127,4
356+137,5
356+157,5
356+167,5
356+177,8
356+197,8
356+207,6
356+217,7
356+237,6
356+247,5
356+257,8
356+277,7
356+287,8
356+297,9
356+317,5
356+327,6
356+337,8
356+357,5
356+367,3
356+377,8
356+387,10
356+407,11
356+417,8
356+437,7
356+447,4
356+467,11
356+477,9
356+487,14
356+507,5
356+517,8
356+527,8
356+547,6
356+557,6
356+567,4
356+587,8
356+597,9
356+607,9
356+617,8
356+637,7
356+647,6
356+657,0
356+667,0
356+687,0
356+697,1
356+707,0
356+717,0
356+727,4
356+737,3
356+747,7
356+757,5
356+777,5
356+787,6
356+797,5
356+807,3
356+827,5
356+837,5
356+847,6
356+857,5
356+877,4
356+887,4
356+897,5
356+917,3
356+927,8
356+937,4
356+957,4
356+967,5
356+977,4
356+997,4
357+007,2
357+027,6
357+037,3
357+047,4
357+067,6
357+077,3
357+097,5
357+107,4
357+127,5
357+137,7
357+157,4
357+167,4
357+177,5
357+197,5
357+207,5
357+227,3
357+237,8
357+257,5
357+267,4
357+287,5
357+297,7
357+307,8
357+327,11
357+337,7
357+357,7
357+367,8
357+377,9
357+397,6
357+407,10
357+417,7
357+427,8
357+447,8
357+457,10
357+467,6
357+477,5
357+497,7
357+507,7
357+517,3
357+527,4
357+547,2
357+557,4
357+567,5
357+577,4
357+587,6
357+607,5
357+617,3
357+627,5
357+647,5
357+657,4
357+677,8
357+687,4
357+697,4
357+717,3
357+727,4
357+747,4
357+757,4
357+777,3
357+787,6
357+807,2
357+827,7
357+837,5
357+857,7
357+867,4
357+887,4
357+907,6
357+917,5
357+937,6
357+957,4
357+967,7
357+987,4
357+997,4
358+017,5
358+037,5
358+057,3
358+067,4
358+087,1
358+107,7
358+117,5
358+137,5
358+147,6
358+167,4
358+187,4
358+197,3
358+217,7
358+227,5
358+247,6
358+267,9
358+277,5
358+297,6
358+307,6
358+327,4
358+347,4
358+357,2
358+377,1
358+397,3
358+407,5
358+427,4
358+437,6
358+447,6
358+467,7
358+477,5
358+497,4
358+507,5
358+527,3
358+537,7
358+547,5
358+567,6
358+577,5
358+597,5
358+607,2
358+627,1
358+637,0
358+657,0
358+677,3
358+687,4
358+707,5
358+727,4
358+737,5
358+757,4
358+777,6
358+787,6
358+807,8
358+827,9
358+847,5
358+867,9
358+887,7
358+907,0
358+917,0
358+937,4
358+957,6
358+977,8
358+997,5
359+017,5
359+037,5
359+057,4
359+077,6
359+097,6
359+107,6
359+127,4
359+137,3
359+157,6
359+167,1
359+187,2
359+197,0
359+217,1
359+227,0
359+237,4
359+247,4
359+267,6
359+277,4
359+297,5
359+307,0
359+317,2
359+337,4
359+347,1
359+367,1
359+377,2
359+387,3
359+407,6
359+417,2
359+427,0
359+437,2
359+447,4
359+457,3
359+467,1
359+487,4
359+497,5
359+507,2
359+517,4
359+527,1
359+537,0
359+557,0
359+567,1
359+577,5
359+587,5
359+597,5
359+617,4
359+627,4
359+637,3
359+657,2
359+667,4
359+677,3
359+697,4
359+707,5
359+727,6
359+737,6
359+747,4
359+767,6
359+777,10
359+797,4
359+807,10
359+817,10
359+837,9
359+847,3
359+867,9
359+877,4
359+897,6
359+917,11
359+927,7
359+947,11
359+957,9
359+977,9
359+997,6
360+007,8
360+027,10
360+047,5
360+067,7
360+077,8
360+097,8
360+107,7
360+127,8
360+147,6
360+157,8
360+177,9
360+197,6
360+207,1
360+227,3
360+237,0
360+257,0
360+267,1
360+287,0
360+297,0
360+317,8
360+337,6
360+357,16
360+367,6
360+387,5
360+407,7
360+417,4
360+437,6
360+457,9
360+467,6
360+487,7
360+507,8
360+527,5
360+537,7
360+557,9
360+577,9
360+597,8
360+607,7
360+627,8
360+647,8
360+657,10
360+677,5
360+697,6
360+717,4
360+727,4
360+747,4
360+767,4
360+777,4
360+797,5
360+807,3
360+827,4
360+837,7
360+847,15
360+867,8
360+877,13
360+887,12
360+907,8
360+917,5
360+937,13
360+947,10
360+967,8
360+977,6
360+997,9
361+007,13
361+027,7
361+047,8
361+067,5
361+077,6
361+097,5
361+117,7
361+137,6
361+147,7
361+167,7
361+187,6
361+207,7
361+227,9
361+237,5
361+257,9
361+277,7
361+297,7
361+317,8
361+337,6
361+357,5
361+377,6
361+387,7
361+407,7
361+427,8
361+447,8
361+467,6
361+487,7
361+497,7
361+517,6
361+537,9
361+557,5
361+567,7
361+587,6
361+607,6
361+627,3
361+647,7
361+657,5
361+677,3
361+697,3
361+717,3
361+727,3
361+747,6
361+767,9
361+787,9
361+797,9
361+817,6
361+837,8
361+857,6
361+867,8
361+887,7
361+907,5
361+917,5
361+937,6
361+957,5
361+977,9
361+987,5
362+007,6
362+027,7
362+037,5
362+057,6
362+077,4
362+087,7
362+107,6
362+117,6
362+137,4
362+157,1
362+167,0
362+187,0
362+207,0
362+217,0
362+237,0
362+247,0
362+267,4
362+287,0
362+297,1
362+317,4
362+327,4
362+347,4
362+367,4
362+377,5
362+397,5
362+407,4
362+427,6
362+447,3
362+457,4
362+477,3
362+487,3
362+507,1
362+517,0
362+537,3
362+547,4
362+567,2
362+587,5
362+597,5
362+617,7
362+637,3
362+647,4
362+667,5
362+687,3
362+697,1
362+717,4
362+737,5
362+747,6
362+767,7
362+787,4
362+797,5
362+817,4
362+837,5
362+857,3
362+867,3
362+887,0
362+897,1
362+917,3
362+927,5
362+947,4
362+967,4
362+977,4
362+997,3
363+007,4
363+027,1
363+037,4
363+057,8
363+077,7
363+087,5
363+107,5
363+117,7
363+137,7
363+157,6
363+167,4
363+187,4
363+197,4
363+217,4
363+227,6
363+247,6
363+257,4
363+277,6
363+287,7
363+307,6
363+317,4
363+337,5
363+347,4
363+367,5
363+377,4
363+397,6
363+407,4
363+427,2
363+437,5
363+447,3
363+467,9
363+477,2
363+487,7
363+507,5
363+517,4
363+527,2
363+547,4
363+557,7
363+567,5
363+577,6
363+587,3
363+597,5
363+607,5
363+617,1
363+627,0
363+637,1
363+647,0
363+657,0
363+667,0
363+677,0
363+687,0
363+697,0
,0
363+707,0
,3
363+717,0
,2
,0
363+727,0
,2
,0
,0
363+737,0
,1
,0
363+747,0
,0
363+757,0
,1
363+767,0
,0
363+777,0
363+787,2
363+797,1
,4
363+807,1
363+817,2
363+827,0
,3
363+837,3
,0
363+847,8
,3
363+857,2
,1
,0
,1
,0
,1
,0
363+867,2
,2
,6
,1
,2
,6
363+877,9
,4
,2
363+887,4
,2
363+897,1
,1
363+907,2
363+917,0
,2
363+927,1
363+937,0
363+947,1
,1
363+957,0
363+967,0
363+977,0
363+987,0
363+997,0
364+007,0
364+017,0
364+037,0
364+047,0
364+057,0
364+067,0
364+077,0
364+087,0
364+097,1
364+117,0
364+127,0
364+137,0
364+147,0
364+157,0
364+177,0
364+187,0
364+197,2
364+207,0
364+227,0
364+237,0
364+247,0
364+257,0
364+267,1
364+277,1
364+287,2
,1
364+297,0
,2
,6
364+307,3
,0
364+317,0
,1
364+327,3
,5
,3
364+337,0
,0
364+347,0
364+357,0
,0
364+367,0
364+377,0
364+387,0
364+397,0
364+407,0
364+417,0
364+427,0
364+437,0
364+447,0
364+457,0
364+467,0
364+477,0
364+487,0
364+507,2
364+517,2
364+527,1
364+547,2
364+557,1
364+567,2
364+587,1
364+597,0
364+607,0
364+617,0
364+637,0
364+647,0
364+657,0
364+677,0
364+687,0
364+707,0
364+717,0
364+737,0
364+747,0
364+767,0
364+777,0
364+797,0
364+807,0
364+827,0
364+837,2
364+847,0
364+867,0
364+877,0
364+887,0
364+897,0
364+917,0
364+927,0
364+937,0
364+957,8
364+967,5
364+977,6
364+997,8
365+007,3
365+017,10
365+037,5
365+047,8
365+067,8
365+087,12
365+097,12
365+117,7
365+127,11
365+147,8
365+167,10
365+177,6
365+197,5
365+217,10
365+227,6
365+247,6
365+267,5
365+277,7
365+297,8
365+307,12
365+327,5
365+337,11
365+357,5
365+367,8
365+387,3
365+397,2
365+407,0
365+427,4
365+437,0
365+457,0
365+467,1
365+477,4
365+497,3
365+507,3
365+527,0
365+537,0
365+547,0
365+567,3
365+577,4
365+597,2
365+607,0
365+627,0
365+637,1
365+657,5
365+667,6
365+687,8
365+697,4
365+717,6
365+727,4
365+747,3
365+757,7
365+777,5
365+797,3
365+807,5
365+827,5
365+837,5
365+857,6
365+877,7
365+887,8
365+907,7
365+917,6
365+937,9
365+947,11
365+967,6
365+977,7
365+997,9
366+017,5
366+027,5
366+047,5
366+067,4
366+077,4
366+097,5
366+117,6
366+127,6
366+147,4
366+167,4
366+177,4
366+197,8
366+207,2
366+227,7
366+237,3
366+257,4
366+267,5
366+277,4
366+297,7
366+307,4
366+317,7
366+337,6
366+347,4
366+357,4
366+377,5
366+387,5
366+407,5
366+417,3
366+437,7
366+447,9
366+467,7
366+487,6
366+497,9
366+517,6
366+527,7
366+547,3
366+557,5
366+577,4
366+587,4
366+597,5
366+617,5
366+627,7
366+647,4
366+657,5
366+677,8
366+687,8
366+697,4
366+717,6
366+727,10
366+747,6
366+757,7
366+767,8
366+787,9
366+797,3
366+817,2
366+827,4
366+837,4
366+857,4
366+867,8
366+877,3
366+897,5
366+907,9
366+917,7
366+937,6
366+947,4
366+967,4
366+977,5
366+987,7
367+007,6
367+017,2
367+037,4
367+047,4
367+067,5
367+077,6
367+087,7
367+107,2
367+117,3
367+137,4
367+147,3
367+167,4
367+177,5
367+197,0
367+207,2
367+227,4
367+237,5
367+257,4
367+267,4
367+287,7
367+297,4
367+317,8
367+327,5
367+347,6
367+357,4
367+377,5
367+387,5
367+407,6
367+417,5
367+437,4
367+447,4
367+467,4
367+477,6
367+497,5
367+507,3
367+527,5
367+547,4
367+557,7
367+567,5
367+587,6
367+597,5
367+617,5
367+627,11
367+647,3
367+657,5
367+677,7
367+687,7
367+707,5
367+727,6
367+737,3
367+757,3
367+767,4
367+787,3
367+797,0
367+807,2
367+827,0
367+837,2
367+857,1
367+867,4
367+887,1
367+897,0
367+907,3
367+917,2
367+937,5
367+957,7
367+977,5
367+997,1
368+007,5
368+027,8
368+047,7
368+067,7
368+087,12
368+107,7
368+127,8
368+137,6
368+157,7
368+167,7
368+187,7
368+207,6
368+227,7
368+247,3
368+257,7
368+277,6
368+297,8
368+317,3
368+327,7
368+347,7
368+367,6
368+387,6
368+397,5
368+417,5
368+437,4
368+447,5
368+467,8
368+477,4
368+497,3
368+507,6
368+527,5
368+537,4
368+557,3
368+567,3
368+577,6
368+597,4
368+607,3
368+627,3
368+637,3
368+657,5
368+667,3
368+687,4
368+697,4
368+717,5
368+727,4
368+747,5
368+757,4
368+777,7
368+787,7
368+807,7
368+817,5
368+837,6
368+847,4
368+867,5
368+877,5
368+897,4
368+907,6
368+927,7
368+947,6
368+967,6
368+977,4
368+997,9
369+017,4
369+037,9
369+047,5
369+067,5
369+087,9
369+107,5
369+117,5
369+137,5
369+157,5
369+167,10
369+187,6
369+197,7
369+217,5
369+227,5
369+247,6
369+267,5
369+277,3
369+297,5
369+317,10
369+327,6
369+347,10
369+367,5
369+377,9
369+397,7
369+417,9
369+437,6
369+447,4
369+467,6
369+487,8
369+507,9
369+517,6
369+537,3
369+557,10
369+567,4
369+577,4
369+597,3
369+607,3
,4
369+617,5
,2
,1
369+627,1
,0
,2
,1
,0
,0
,5
369+637,2
,4
,1
369+647,4
369+657,2
,5
369+667,2
369+677,6
369+687,5
,2
369+697,5
369+707,6
369+717,2
369+727,3
369+737,3
369+747,5
369+757,3
369+767,4
369+777,4
369+787,5
369+797,4
369+807,4
369+827,5
369+837,5
369+847,3
369+857,7
369+877,10
369+887,5
369+897,4
369+907,3
369+927,6
369+937,4
369+947,4
369+967,5
369+977,5
369+997,4
370+007,5
370+017,7
370+037,5
370+047,6
370+057,5
370+077,3
370+087,2
370+097,1
370+117,0
370+127,6
370+137,9
370+147,4
370+167,5
370+177,2
370+197,7
370+207,5
370+217,10
370+237,4
370+247,7
370+267,6
370+277,4
370+297,4
370+307,9
370+327,4
370+347,7
370+357,10
370+377,5
370+397,4
370+407,6
370+427,4
370+447,4
370+457,7
370+477,4
370+497,6
370+507,8
370+527,8
370+547,5
370+557,6
370+577,5
370+587,9
370+607,5
370+627,6
370+637,10
370+657,5
370+677,4
370+687,7
370+707,8
370+717,4
370+737,6
370+757,5
370+767,4
370+787,7
370+797,4
370+817,3
370+827,5
370+837,4
370+857,3
370+867,4
370+887,9
370+897,5
370+907,3
370+917,3
370+937,7
370+947,4
370+967,4
370+977,4
370+987,7
371+007,3
371+017,4
371+027,4
371+037,5
371+057,6
371+067,8
371+077,8
371+097,4
371+107,8
371+127,2
371+137,4
371+147,3
371+167,4
371+177,3
371+197,5
371+207,3
371+217,1
371+237,1
371+247,3
371+267,4
371+277,2
371+287,1
371+307,5
371+317,4
371+337,3
371+347,3
371+367,3
371+377,6
371+397,6
371+407,6
371+427,9
371+447,10
371+457,7
371+477,5
371+497,5
371+507,5
371+527,8
371+547,6
371+567,7
371+577,5
371+597,3
371+607,1
371+627,0
371+647,4
371+657,4
371+677,5
371+687,7
371+707,5
371+717,3
371+737,6
371+747,4
371+767,6
371+777,1
371+797,6
371+807,5
371+827,6
371+847,5
371+857,4
371+877,3
371+897,5
371+907,4
371+927,5
371+947,5
371+957,5
371+977,6
371+997,5
372+017,5
372+027,7
372+047,2
372+067,4
372+087,4
372+097,9
372+117,5
372+137,5
372+157,5
372+167,3
372+187,5
372+207,4
372+227,8
372+247,6
372+267,5
372+287,7
372+307,5
372+327,4
372+347,7
372+367,3
372+387,6
372+407,8
372+427,7
372+447,7
372+467,7
372+487,4
372+507,8
372+527,8
372+547,7
372+567,9
372+587,11
372+607,6
372+627,5
372+647,3
372+667,4
372+687,5
372+707,5
372+727,6
372+747,3
372+767,4
372+787,7
372+807,6
372+827,5
372+847,5
372+867,6
372+887,1
372+907,5
372+927,5
372+947,4
372+967,4
372+977,5
372+997,6
373+017,8
373+037,5
373+057,5
373+077,1
373+097,7
373+117,6
373+137,4
373+157,7
373+167,5
373+187,7
373+207,8
373+227,7
373+247,5
373+267,8
373+287,6
373+307,7
373+327,11
373+347,6
373+367,6
373+387,7
373+407,5
373+417,4
373+437,4
373+457,7
373+477,6
373+497,4
373+517,6
373+537,4
373+557,6
373+577,5
373+597,2
373+617,7
373+627,6
373+647,6
373+667,5
373+687,7
373+707,5
373+727,5
373+747,4
373+767,5
373+787,8
373+807,3
373+827,4
373+847,5
373+867,6
373+877,9
373+897,5
373+917,5
373+937,4
373+957,4
373+967,5
373+987,6
374+007,4
374+027,6
374+037,6
374+057,4
374+077,5
374+097,6
374+117,6
374+137,12
374+157,7
374+167,1
374+187,0
374+207,3
374+227,2
374+247,2
374+257,5
374+277,4
374+297,1
374+317,2
374+327,7
374+347,7
374+367,4
374+387,6
374+407,9
374+427,10
374+437,10
374+457,5
374+477,4
374+497,6
374+517,6
374+537,4
374+557,5
374+577,8
374+587,6
374+607,6
374+627,3
374+647,7
374+667,6
374+687,8
374+707,6
374+727,4
374+737,5
374+757,3
374+777,5
374+797,6
374+807,4
374+827,7
374+837,6
374+857,10
374+877,5
374+887,3
,
